Timestamp,Machine_Name,reg_address,value
14:15:14:557,AM322,IO_0501,0000
14:15:14:646,AM322,IO_0517,0000
14:15:14:554,AM322,IO_0500,0000
14:15:14:560,AM322,IO_0502,9000
14:15:14:564,AM322,IO_0503,0000
14:15:14:568,AM322,IO_0504,0000
14:15:14:576,AM322,IO_0505,0000
14:15:14:581,AM322,IO_0506,0000
14:15:14:586,AM322,IO_0507,0000
14:15:14:592,AM322,IO_0508,0000
14:15:14:599,AM322,IO_0509,0000
14:15:14:605,AM322,IO_0510,1CA2
14:15:14:611,AM322,IO_0511,0400
14:15:14:616,AM322,IO_0512,0000
14:15:14:622,AM322,IO_0513,0000
14:15:14:628,AM322,IO_0514,0000
14:15:14:637,AM322,IO_0515,0000
14:15:14:641,AM322,IO_0516,0000
14:15:14:652,AM322,IO_0518,0000
14:15:14:658,AM322,IO_0519,0000
14:15:14:668,AM322,IO_0520,0000
14:15:14:674,AM322,IO_0521,0000
14:15:14:680,AM322,IO_0522,0000
14:15:14:685,AM322,IO_0523,0000
14:15:14:691,AM322,IO_0524,0000
14:15:14:696,AM322,IO_0525,0000
14:15:14:704,AM322,IO_0526,0000
14:15:14:709,AM322,IO_0527,0000
14:15:14:726,AM322,IO_0528,0000
14:15:14:732,AM322,IO_0529,0000
14:15:14:739,AM322,IO_0530,0000
14:15:14:745,AM322,IO_0531,0000
14:15:14:754,AM322,IO_0532,0000
14:15:14:759,AM322,IO_0533,0000
14:15:14:766,AM322,IO_0534,0000
14:15:14:772,AM322,IO_0535,0000
14:15:14:776,AM322,IO_0536,0000
14:15:14:782,AM322,IO_0537,0000
14:15:14:789,AM322,IO_0538,0000
14:15:14:796,AM322,IO_0539,0000
14:15:14:803,AM322,IO_0540,0000
14:15:14:813,AM322,IO_0541,0000
14:15:14:822,AM322,IO_0542,0000
14:15:14:827,AM322,IO_0543,0000
14:15:14:830,AM322,IO_0544,0000
14:15:14:834,AM322,IO_0545,0000
14:15:14:837,AM322,IO_0546,0000
14:15:14:839,AM322,IO_0547,0000
14:15:14:842,AM322,IO_0548,0000
14:15:14:849,AM322,IO_0549,0000
14:15:14:852,AM322,IO_0550,0000
14:15:14:855,AM322,IO_0551,0000
14:15:14:860,AM322,IO_0552,0000
14:15:14:864,AM322,IO_0553,0000
14:15:14:867,AM322,IO_0554,0000
14:15:14:870,AM322,IO_0555,0000
14:15:14:873,AM322,IO_0556,0000
14:15:14:876,AM322,IO_0557,0000
14:15:14:879,AM322,IO_0558,0000
14:15:14:881,AM322,IO_0559,0000
14:15:14:885,AM322,IO_0560,0000
14:15:14:888,AM322,IO_0561,0000
14:15:14:891,AM322,IO_0562,0000
14:15:14:893,AM322,IO_0563,0000
14:15:14:896,AM322,IO_0564,0000
14:15:14:899,AM322,IO_0565,0000
14:15:14:902,AM322,IO_0566,0000
14:15:14:908,AM322,IO_0567,0000
14:15:14:911,AM322,IO_0568,0000
14:15:14:914,AM322,IO_0569,0000
14:15:14:917,AM322,IO_0570,0000
14:15:14:920,AM322,IO_0571,0000
14:15:14:922,AM322,IO_0572,0000
14:15:14:925,AM322,IO_0573,0000
14:15:14:928,AM322,IO_0574,0000
14:15:14:931,AM322,IO_0575,0000
14:15:14:934,AM322,IO_0576,0000
14:15:14:936,AM322,IO_0577,0000
14:15:14:939,AM322,IO_0578,0000
14:15:14:942,AM322,IO_0579,0000
14:15:14:946,AM322,IO_0580,0000
14:15:14:949,AM322,IO_0581,0000
14:15:14:952,AM322,IO_0582,0000
14:15:14:955,AM322,IO_0583,0000
14:15:14:958,AM322,IO_0584,0000
14:15:14:961,AM322,IO_0585,0000
14:15:14:963,AM322,IO_0586,0000
14:15:14:966,AM322,IO_0587,0000
14:15:14:969,AM322,IO_0588,0000
14:15:14:971,AM322,IO_0589,0000
14:15:14:974,AM322,IO_0590,0000
14:15:14:977,AM322,IO_0591,0000
14:15:14:980,AM322,IO_0592,0000
14:15:14:982,AM322,IO_0593,0000
14:15:14:985,AM322,IO_0594,0000
14:15:14:988,AM322,IO_0595,0000
14:15:14:997,AM322,IO_0596,0000
14:15:15:004,AM322,IO_0597,0001
14:15:15:007,AM322,IO_0598,0000
14:15:15:010,AM322,D_31600,0000
14:15:15:014,AM322,D_31601,0144
14:15:15:017,AM322,D_31602,016A
14:15:15:034,AM322,D_31603,01CC
14:15:15:044,AM322,D_31604,00A0
14:15:15:047,AM322,D_31605,0000
14:15:15:050,AM322,D_31606,0046
14:15:15:054,AM322,D_31607,FFD8
14:15:15:060,AM322,D_31608,0000
14:15:15:068,AM322,D_31610,008C
14:15:15:072,AM322,D_31611,0000
14:15:15:076,AM322,D_31612,0032
14:15:15:084,AM322,D_31613,FFC4
14:15:15:088,AM322,D_31614,00FD
14:15:15:092,AM322,D_31615,0107
14:15:15:100,AM322,D_31616,00F3
14:15:15:104,AM322,D_31617,0D39
14:15:15:108,AM322,D_31618,0D66
14:15:15:112,AM322,D_31619,0D02
14:15:15:120,AM322,D_31620,0000
14:15:15:125,AM322,D_31621,078F
14:15:15:132,AM322,D_31622,06C2
14:15:15:136,AM322,D_31623,0000
14:15:15:140,AM322,D_31624,0000
14:15:15:148,AM322,D_31625,0000
14:15:15:152,AM322,D_31626,0000
14:15:15:156,AM322,D_31627,0000
14:15:15:160,AM322,D_31628,0000
14:15:15:168,AM322,D_31629,0000
14:15:15:172,AM322,D_31630,0000
14:15:15:176,AM322,D_31631,0000
14:15:15:180,AM322,D_31632,0000
14:15:15:188,AM322,D_31633,0000
14:15:15:192,AM322,D_31634,0000
14:15:15:196,AM322,D_31635,0000
14:15:15:200,AM322,D_31636,0000
14:15:15:208,AM322,D_31637,0000
14:15:15:212,AM322,D_31638,0000
14:15:15:215,AM322,D_31639,0000
14:15:15:218,AM322,D_31640,0000
14:15:15:222,AM322,D_31641,0000
14:15:15:226,AM322,D_31642,0000
14:15:15:228,AM322,D_31643,0000
14:15:15:231,AM322,D_31644,0000
14:15:15:237,AM322,D_31646,0000
14:15:15:240,AM322,D_31647,0000
14:15:15:246,AM322,D_31649,0000
14:15:15:248,AM322,D_31650,0000
14:15:15:251,AM322,D_31651,0002
14:15:15:257,AM322,D_31653,0002
14:15:15:259,AM322,D_31654,0002
14:15:15:262,AM322,D_31655,0002
14:15:15:265,AM322,D_31656,0002
14:15:15:268,AM322,D_31657,0002
14:15:15:270,AM322,D_31658,0002
14:15:15:276,AM322,D_31660,0002
14:15:15:280,AM322,D_31661,0002
14:15:15:283,AM322,D_31662,0002
14:15:15:286,AM322,D_31663,0000
14:15:15:289,AM322,D_31664,0000
14:15:15:292,AM322,D_31665,0000
14:15:15:295,AM322,D_31666,0000
14:15:15:298,AM322,D_31667,0000
14:15:15:301,AM322,D_31668,0000
14:15:15:304,AM322,D_31669,0000
14:15:15:307,AM322,D_31670,0000
14:15:15:309,AM322,D_31671,0000
14:15:15:312,AM322,D_31672,0000
14:15:15:315,AM322,D_31673,0000
14:15:15:318,AM322,D_31674,0000
14:15:15:324,AM322,D_31676,0000
14:15:15:327,AM322,D_31677,0000
14:15:15:330,AM322,D_31678,0000
14:15:15:335,AM322,D_31680,0000
14:15:15:350,AM322,D_31684,0000
14:15:15:353,AM322,D_31685,0000
14:15:15:356,AM322,D_31686,0000
14:15:15:358,AM322,D_31687,0000
14:15:15:361,AM322,D_31688,0000
14:15:15:364,AM322,D_31689,0000
14:15:15:367,AM322,D_31690,0000
14:15:15:370,AM322,D_31691,0000
14:15:15:373,AM322,D_31692,0000
14:15:15:376,AM322,D_31693,0000
14:15:15:378,AM322,D_31694,0000
14:15:15:381,AM322,D_31695,0000
14:15:15:384,AM322,D_31696,0000
14:15:15:387,AM322,D_31697,0000
14:15:15:390,AM322,D_31698,0000
14:15:15:393,AM322,D_31699,0000
14:15:15:396,AM322,D_31700,0000
14:15:15:401,AM322,D_31701,0000
14:15:15:406,AM322,D_31703,0000
14:15:15:409,AM322,D_31704,0000
14:15:15:428,AM322,D_31706,0000
14:15:15:432,AM322,D_31707,0000
14:15:15:440,AM322,D_31709,0000
14:15:15:448,AM322,D_31710,0000
14:15:15:452,AM322,D_31711,0000
14:15:15:456,AM322,D_31712,0000
14:15:15:460,AM322,D_31713,0000
14:15:15:468,AM322,D_31714,0000
14:15:15:476,AM322,D_31716,0000
14:15:15:484,AM322,D_31717,0000
14:15:15:492,AM322,D_31718,0000
14:15:15:495,AM322,D_31719,0000
14:15:15:500,AM322,D_31720,0000
14:15:15:506,AM322,D_31721,0000
14:15:15:512,AM322,D_31722,0000
14:15:15:516,AM322,D_31723,0000
14:15:15:524,AM322,D_31724,0000
14:15:15:528,AM322,D_31725,0000
14:15:15:532,AM322,D_31726,0000
14:15:15:540,AM322,D_31727,0000
14:15:15:544,AM322,D_31728,0000
14:15:15:552,AM322,D_31730,0000
14:15:15:560,AM322,D_31731,0000
14:15:15:564,AM322,D_31732,0000
14:15:15:572,AM322,D_31733,0000
14:15:15:580,AM322,D_31735,0000
14:15:15:594,AM322,D_31738,0000
14:15:15:604,AM322,D_31740,0000
14:15:15:610,AM322,D_31741,0000
14:15:15:620,AM322,D_31742,0000
14:15:15:624,AM322,D_31743,0000
14:15:15:628,AM322,D_31744,0000
14:15:15:640,AM322,D_31746,0000
14:15:15:648,AM322,D_31747,0000
14:15:15:652,AM322,D_31748,0000
14:15:15:656,AM322,D_31749,0000
14:15:15:660,AM322,D_31750,0000
14:15:15:685,AM322,D_31752,0000
14:15:15:691,AM322,D_31753,0000
14:15:15:696,AM322,D_31754,0000
14:15:15:715,AM322,D_31757,0000
14:15:15:720,AM322,D_31758,0000
14:15:15:724,AM322,D_31759,0000
14:15:15:737,AM322,D_31761,0000
14:15:15:748,AM322,D_31763,0000
14:15:15:758,AM322,D_31764,0000
14:15:15:774,AM322,D_31766,0000
14:15:15:777,AM322,D_31767,0000
14:15:15:780,AM322,D_31768,0000
14:15:15:783,AM322,D_31769,0000
14:15:15:807,AM322,D_31772,0000
14:15:15:810,AM322,D_31773,0000
14:15:15:822,AM322,D_31775,0000
14:15:15:826,AM322,D_31776,0000
14:15:15:834,AM322,D_31777,0000
14:15:15:874,AM322,D_31784,0000
14:15:15:877,AM322,D_31785,0000
14:15:15:879,AM322,D_31786,0000
14:15:15:882,AM322,D_31787,0000
14:15:15:915,AM322,D_31790,0000
14:15:15:918,AM322,D_31791,0000
14:15:15:928,AM322,D_31792,0000
14:15:15:935,AM322,D_31793,0000
14:15:15:938,AM322,D_31794,0000
14:15:15:953,AM322,D_31795,0000
14:15:15:974,AM322,D_31797,0000
14:15:15:994,AM322,D_31800,0000
14:15:15:999,AM322,D_31801,0000
14:15:16:025,AM322,D_31804,0000
14:15:16:047,AM322,D_31806,0000
14:15:16:054,AM322,D_31807,0000
14:15:16:064,AM322,D_31808,0000
14:15:16:067,AM322,D_31809,0000
14:15:16:070,AM322,D_31810,0000
14:15:16:084,AM322,D_31812,0000
14:15:16:094,AM322,D_31814,0000
14:15:16:108,AM322,D_31816,0000
14:15:16:114,AM322,D_31817,0000
14:15:16:144,AM322,D_31819,0000
14:15:16:148,AM322,D_31820,0000
14:15:16:161,AM322,D_31821,0000
14:15:16:194,AM322,D_31824,0000
14:15:16:197,AM322,D_31825,0000
14:15:16:202,AM322,D_31826,0000
14:15:16:214,AM322,D_31827,0000
14:15:16:224,AM322,D_31829,0000
14:15:16:244,AM322,D_31831,0000
14:15:16:264,AM322,D_31833,0000
14:15:16:294,AM322,D_31836,0000
14:15:16:304,AM322,D_31837,0000
14:15:16:307,AM322,D_31838,0000
14:15:16:314,AM322,D_31839,0000
14:15:16:336,AM322,D_31841,0000
14:15:16:364,AM322,D_31843,0000
14:15:16:424,AM322,D_31849,0000
14:15:16:444,AM322,D_31852,0000
14:15:16:504,AM322,D_31858,0000
14:15:16:514,AM322,D_31859,0000
14:15:16:524,AM322,D_31860,0000
14:15:16:623,AM322,D_31870,0000
14:15:16:642,AM322,D_31872,0000
14:15:16:688,AM322,D_31878,0000
14:15:16:757,AM322,D_31888,0000
14:15:16:768,AM322,D_31890,0000
14:15:16:798,AM322,D_31893,0000
14:15:16:810,AM322,D_31894,0000
14:15:17:837,AM322,IO_0511,0100
14:15:17:850,AM322,D_31605,0008
14:15:15:063,AM322,D_31609,01B8
14:15:17:854,AM322,D_31620,0761
14:15:15:234,AM322,D_31645,0000
14:15:15:243,AM322,D_31648,0000
14:15:15:254,AM322,D_31652,0002
14:15:15:273,AM322,D_31659,0004
14:15:15:321,AM322,D_31675,0000
14:15:15:332,AM322,D_31679,0000
14:15:15:341,AM322,D_31681,0000
14:15:15:344,AM322,D_31682,0000
14:15:15:347,AM322,D_31683,0000
14:15:15:403,AM322,D_31702,0000
14:15:15:412,AM322,D_31705,0000
14:15:15:436,AM322,D_31708,0000
14:15:15:472,AM322,D_31715,0000
14:15:15:548,AM322,D_31729,0000
14:15:15:576,AM322,D_31734,0000
14:15:15:584,AM322,D_31736,0000
14:15:15:588,AM322,D_31737,0000
14:15:15:600,AM322,D_31739,0000
14:15:15:636,AM322,D_31745,0000
14:15:15:667,AM322,D_31751,0000
14:15:15:703,AM322,D_31755,0000
14:15:15:710,AM322,D_31756,0000
14:15:15:732,AM322,D_31760,0000
14:15:15:744,AM322,D_31762,0000
14:15:15:764,AM322,D_31765,0000
14:15:15:799,AM322,D_31770,0000
14:15:15:804,AM322,D_31771,0000
14:15:15:819,AM322,D_31774,0000
14:15:15:837,AM322,D_31778,0000
14:15:15:840,AM322,D_31779,0000
14:15:15:844,AM322,D_31780,0000
14:15:15:856,AM322,D_31781,0000
14:15:15:859,AM322,D_31782,0000
14:15:15:862,AM322,D_31783,0000
14:15:15:888,AM322,D_31788,0000
14:15:15:894,AM322,D_31789,0000
14:15:15:959,AM322,D_31796,0000
14:15:15:979,AM322,D_31798,0000
14:15:15:983,AM322,D_31799,0000
14:15:16:004,AM322,D_31802,0000
14:15:16:015,AM322,D_31803,0000
14:15:16:044,AM322,D_31805,0000
14:15:16:074,AM322,D_31811,0000
14:15:16:087,AM322,D_31813,0000
14:15:16:104,AM322,D_31815,0000
14:15:16:124,AM322,D_31818,0000
14:15:16:174,AM322,D_31822,0000
14:15:16:178,AM322,D_31823,0000
14:15:16:218,AM322,D_31828,0000
14:15:16:230,AM322,D_31830,0000
14:15:16:247,AM322,D_31832,0000
14:15:16:274,AM322,D_31834,0000
14:15:16:284,AM322,D_31835,0000
14:15:16:324,AM322,D_31840,0000
14:15:16:354,AM322,D_31842,0000
14:15:16:374,AM322,D_31844,0000
14:15:16:384,AM322,D_31845,0000
14:15:16:394,AM322,D_31846,0000
14:15:16:404,AM322,D_31847,0000
14:15:16:414,AM322,D_31848,0000
14:15:16:434,AM322,D_31850,0000
14:15:16:438,AM322,D_31851,0000
14:15:16:454,AM322,D_31853,0000
14:15:16:464,AM322,D_31854,0000
14:15:16:469,AM322,D_31855,0000
14:15:16:474,AM322,D_31856,0000
14:15:16:494,AM322,D_31857,0000
14:15:16:536,AM322,D_31861,0000
14:15:16:544,AM322,D_31862,0000
14:15:16:554,AM322,D_31863,0000
14:15:16:574,AM322,D_31864,0000
14:15:16:584,AM322,D_31865,0000
14:15:16:587,AM322,D_31866,0000
14:15:16:595,AM322,D_31867,0000
14:15:16:603,AM322,D_31868,0000
14:15:16:614,AM322,D_31869,0000
14:15:16:630,AM322,D_31871,0000
14:15:16:651,AM322,D_31873,0000
14:15:16:658,AM322,D_31874,0000
14:15:16:668,AM322,D_31875,0000
14:15:16:676,AM322,D_31876,0000
14:15:16:682,AM322,D_31877,0000
14:15:16:693,AM322,D_31879,0000
14:15:16:699,AM322,D_31880,0000
14:15:16:712,AM322,D_31881,0000
14:15:16:719,AM322,D_31882,0000
14:15:16:726,AM322,D_31883,0000
14:15:16:732,AM322,D_31884,0000
14:15:16:738,AM322,D_31885,0000
14:15:16:745,AM322,D_31886,0000
14:15:16:750,AM322,D_31887,0000
14:15:16:762,AM322,D_31889,0000
14:15:16:777,AM322,D_31891,0000
14:15:16:791,AM322,D_31892,0000
14:15:16:820,AM322,D_31895,0000
14:15:16:827,AM322,D_31896,0000
14:15:16:835,AM322,D_31897,0000
14:15:16:846,AM322,D_31898,0000
14:15:19:724,AM322,IO_0505,0008
14:15:17:834,AM322,IO_0510,18A6
14:15:19:727,AM322,IO_0511,1000
14:15:18:790,AM322,D_31608,0150
14:15:19:737,AM322,D_31611,FFEB
14:15:20:703,AM322,IO_0505,0000
14:15:21:628,AM322,IO_0510,0882
14:15:22:568,AM322,IO_0511,0000
14:15:23:572,AM322,IO_0510,0082
14:15:27:422,AM322,IO_0510,0000
14:15:36:734,AM322,IO_0510,0892
14:15:42:371,AM322,IO_0510,0C92
14:15:43:296,AM322,D_31617,0000
14:15:43:285,AM322,IO_0510,1C92
14:15:43:293,AM322,D_31614,0000
14:15:43:300,AM322,D_31620,0000
14:15:45:148,AM322,IO_0510,14B2
14:15:45:151,AM322,IO_0511,0040
14:15:45:159,AM322,D_31602,0000
14:15:45:162,AM322,D_31605,0000
14:15:45:164,AM322,D_31608,0000
14:15:45:167,AM322,D_31611,0000
14:15:45:170,AM322,D_31614,00FD
14:15:46:132,AM322,D_31617,0D30
14:15:47:065,AM322,IO_0503,0002
14:15:46:117,AM322,IO_0510,1CB2
14:15:47:071,AM322,IO_0511,0400
14:15:47:081,AM322,D_31602,0167
14:15:48:002,AM322,IO_0503,0000
14:15:47:068,AM322,IO_0510,1CA2
14:15:48:976,AM322,IO_0511,0000
14:15:48:007,AM322,IO_0510,18A2
14:15:48:985,AM322,D_31605,FFFE
14:15:48:987,AM322,D_31620,074E
14:15:49:905,AM322,IO_0510,18A6
14:15:50:897,AM322,IO_0511,0100
14:15:52:790,AM322,IO_0505,0008
14:15:52:793,AM322,IO_0511,1000
14:15:51:845,AM322,D_31608,0161
14:15:52:804,AM322,D_31611,FFEA
14:15:53:731,AM322,IO_0505,0000
14:15:54:738,AM322,IO_0510,0882
14:15:55:707,AM322,IO_0511,0000
14:15:57:581,AM322,IO_0510,1892
14:15:57:592,AM322,D_31617,0000
14:15:57:595,AM322,D_31620,0000
14:15:59:428,AM322,IO_0503,0000
14:15:58:521,AM322,IO_0510,1492
14:16:00:367,AM322,D_31617,0D30
14:16:00:358,AM322,IO_0510,1C92
14:16:01:306,AM322,D_31602,0000
14:16:01:312,AM322,D_31608,0000
14:16:01:316,AM322,D_31611,0000
14:16:01:297,AM322,IO_0510,1CD2
14:16:02:285,AM322,IO_0511,0040
14:16:01:309,AM322,D_31605,0000
14:16:02:296,AM322,D_31614,00FD
14:16:03:248,AM322,IO_0510,1CB2
14:16:03:251,AM322,IO_0511,0440
14:16:04:179,AM322,D_31602,016A
14:16:03:258,AM322,D_31620,0740
14:16:04:170,AM322,IO_0511,0400
14:16:05:125,AM322,IO_0510,18B2
14:16:06:028,AM322,IO_0511,0000
14:16:06:037,AM322,D_31605,0005
14:16:06:973,AM322,IO_0510,1926
14:16:07:902,AM322,IO_0511,1100
14:16:07:899,AM322,IO_0510,18A6
14:16:08:837,AM322,IO_0511,1000
14:16:08:846,AM322,D_31608,014D
14:16:09:785,AM322,D_31611,FFF1
14:16:08:835,AM322,IO_0510,08A6
14:16:09:776,AM322,IO_0511,0000
14:16:10:755,AM322,IO_0510,08A2
14:16:11:693,AM322,IO_0511,0020
14:16:11:701,AM322,D_31617,0000
14:16:11:704,AM322,D_31620,0000
14:16:12:618,AM322,IO_0510,1482
14:16:12:621,AM322,IO_0511,0000
14:16:14:549,AM322,IO_0510,1C92
14:16:14:560,AM322,D_31617,0D32
14:16:15:508,AM322,IO_0510,1CD2
14:16:16:442,AM322,IO_0511,0040
14:16:16:451,AM322,D_31602,0000
14:16:16:457,AM322,D_31608,0000
14:16:16:460,AM322,D_31611,0000
14:16:16:462,AM322,D_31614,00FE
14:16:16:439,AM322,IO_0510,1CF2
14:16:17:392,AM322,IO_0511,0440
14:16:18:359,AM322,D_31602,016F
14:16:16:454,AM322,D_31605,0000
14:16:17:389,AM322,IO_0510,1CB2
14:16:18:349,AM322,IO_0511,0400
14:16:18:362,AM322,D_31620,0755
14:16:19:292,AM322,IO_0510,18B2
14:16:20:353,AM322,IO_0511,0000
14:16:20:361,AM322,D_31605,0007
14:16:22:261,AM322,IO_0511,1100
14:16:22:258,AM322,IO_0510,18B6
14:16:23:201,AM322,IO_0511,1000
14:16:23:216,AM322,D_31608,015A
14:16:24:125,AM322,IO_0510,08AE
14:16:24:128,AM322,IO_0511,0000
14:16:25:066,AM322,D_31611,FFEA
14:16:25:058,AM322,IO_0510,08A2
14:16:26:077,AM322,D_31617,0000
14:16:26:080,AM322,D_31620,0000
14:16:27:010,AM322,IO_0510,1482
14:16:27:954,AM322,IO_0511,0000
14:16:28:884,AM322,D_31617,0D35
14:16:29:832,AM322,IO_0510,1CD2
14:16:30:767,AM322,IO_0511,0040
14:16:30:777,AM322,D_31602,0000
14:16:30:783,AM322,D_31608,0000
14:16:30:789,AM322,D_31611,0000
14:16:29:842,AM322,D_31614,0000
14:16:30:763,AM322,IO_0510,1CF2
14:16:30:780,AM322,D_31605,0000
14:16:30:792,AM322,D_31614,00FE
14:16:31:721,AM322,IO_0510,1CB2
14:16:32:687,AM322,IO_0511,0400
14:16:32:697,AM322,D_31620,074F
14:16:33:695,AM322,IO_0510,18B2
14:16:34:625,AM322,IO_0511,0000
14:16:33:708,AM322,D_31602,0165
14:16:34:638,AM322,D_31605,0008
14:16:36:483,AM322,IO_0510,18B6
14:16:36:486,AM322,IO_0511,1100
14:16:37:445,AM322,IO_0510,08B6
14:16:38:451,AM322,IO_0511,0000
14:16:37:478,AM322,D_31608,014D
14:16:39:404,AM322,D_31611,FFE8
14:16:39:393,AM322,IO_0510,08A2
14:16:41:310,AM322,D_31617,0000
14:16:41:297,AM322,IO_0510,1082
14:16:42:232,AM322,IO_0511,0000
14:16:41:314,AM322,D_31620,0000
14:16:42:227,AM322,IO_0510,1482
14:16:44:162,AM322,D_31617,0D35
14:16:44:143,AM322,IO_0510,1C92
14:16:45:130,AM322,D_31602,0000
14:16:45:136,AM322,D_31608,0000
14:16:45:139,AM322,D_31611,0000
14:16:44:156,AM322,D_31614,0000
14:16:45:119,AM322,IO_0510,1CF2
14:16:46:062,AM322,IO_0511,0040
14:16:45:133,AM322,D_31605,0000
14:16:45:142,AM322,D_31614,00FE
14:16:46:059,AM322,IO_0510,1CB2
14:16:46:991,AM322,IO_0511,0400
14:16:47:931,AM322,D_31602,0166
14:16:47:001,AM322,D_31620,075A
14:16:47:922,AM322,IO_0510,18B2
14:16:48:878,AM322,IO_0511,0000
14:16:50:778,AM322,IO_0505,0008
14:16:49:854,AM322,IO_0510,1932
14:16:50:784,AM322,IO_0511,1100
14:16:51:777,AM322,IO_0505,0000
14:16:50:781,AM322,IO_0510,18B6
14:16:51:786,AM322,IO_0511,1000
14:16:51:797,AM322,D_31608,0154
14:16:52:725,AM322,IO_0510,08BE
14:16:52:734,AM322,IO_0511,0000
14:16:53:687,AM322,D_31611,FFE4
14:16:53:678,AM322,IO_0510,08A2
14:16:55:548,AM322,IO_0510,1882
14:16:56:488,AM322,IO_0511,0000
14:16:55:558,AM322,D_31617,0000
14:16:55:561,AM322,D_31620,0000
14:16:56:485,AM322,IO_0510,1482
14:16:58:423,AM322,IO_0510,1C92
14:16:59:361,AM322,D_31602,0000
14:16:59:364,AM322,D_31608,0000
14:16:59:367,AM322,D_31611,0000
14:16:58:431,AM322,D_31617,0D2F
14:16:59:353,AM322,IO_0510,1CD2
14:17:00:288,AM322,IO_0511,0040
14:17:00:298,AM322,D_31614,00FE
14:17:01:260,AM322,IO_0510,1CB2
14:17:02:191,AM322,IO_0511,0400
14:17:02:202,AM322,D_31602,0172
14:17:01:271,AM322,D_31620,0751
14:17:03:130,AM322,IO_0510,18B2
14:17:04:049,AM322,IO_0511,0000
14:17:04:058,AM322,D_31605,0009
14:17:04:988,AM322,IO_0510,1932
14:17:05:939,AM322,IO_0511,1100
14:17:05:936,AM322,IO_0510,08B6
14:17:06:864,AM322,IO_0511,1000
14:17:06:873,AM322,D_31608,014D
14:17:07:801,AM322,D_31611,FFE1
14:17:07:790,AM322,IO_0510,08A6
14:17:07:793,AM322,IO_0511,0000
14:17:08:769,AM322,IO_0510,08A2
14:17:09:689,AM322,IO_0511,0020
14:17:09:697,AM322,D_31617,0000
14:17:09:700,AM322,D_31620,0000
14:17:10:620,AM322,IO_0510,1482
14:17:10:623,AM322,IO_0511,0000
14:17:12:553,AM322,D_31617,0D32
14:17:13:466,AM322,IO_0510,1CD2
14:17:14:387,AM322,IO_0511,0040
14:17:14:398,AM322,D_31602,0000
14:17:14:406,AM322,D_31608,0000
14:17:14:409,AM322,D_31611,0000
14:17:14:414,AM322,D_31614,00FE
14:17:15:368,AM322,IO_0510,1CB2
14:17:15:370,AM322,IO_0511,0440
14:17:14:402,AM322,D_31605,0000
14:17:16:291,AM322,IO_0511,0400
14:17:16:302,AM322,D_31602,016F
14:17:16:305,AM322,D_31620,0761
14:17:17:250,AM322,IO_0510,18B2
14:17:18:189,AM322,IO_0511,0000
14:17:18:198,AM322,D_31605,0008
14:17:19:120,AM322,IO_0510,1836
14:17:20:045,AM322,IO_0511,1100
14:17:20:042,AM322,IO_0510,18B6
14:17:20:974,AM322,IO_0511,1000
14:17:20:983,AM322,D_31608,0149
14:17:21:960,AM322,IO_0510,08BA
14:17:21:963,AM322,IO_0511,0000
14:17:22:925,AM322,D_31611,FFE9
14:17:22:915,AM322,IO_0510,08A2
14:17:24:796,AM322,IO_0510,1082
14:17:24:799,AM322,IO_0511,0020
14:17:24:807,AM322,D_31617,0000
14:17:24:810,AM322,D_31620,0000
14:17:25:750,AM322,IO_0510,1482
14:17:25:754,AM322,IO_0511,0000
14:17:26:690,AM322,IO_0510,1492
14:17:28:606,AM322,D_31602,0000
14:17:28:614,AM322,D_31611,0000
14:17:27:640,AM322,D_31614,0000
14:17:27:644,AM322,D_31617,0D2F
14:17:28:598,AM322,IO_0510,1CF2
14:17:29:587,AM322,IO_0511,0040
14:17:28:609,AM322,D_31605,0000
14:17:28:612,AM322,D_31608,0000
14:17:28:618,AM322,D_31614,00FE
14:17:29:584,AM322,IO_0510,1CB2
14:17:30:498,AM322,IO_0511,0400
14:17:31:448,AM322,D_31602,0166
14:17:30:506,AM322,D_31620,0751
14:17:31:436,AM322,IO_0510,18B2
14:17:32:365,AM322,IO_0511,0000
14:17:32:388,AM322,D_31605,0007
14:17:35:230,AM322,IO_0505,0000
14:17:34:307,AM322,IO_0510,18B6
14:17:35:236,AM322,IO_0511,1000
14:17:35:233,AM322,IO_0510,08B6
14:17:36:175,AM322,IO_0511,0000
14:17:35:245,AM322,D_31608,0148
14:17:37:118,AM322,IO_0510,08A6
14:17:37:130,AM322,D_31611,FFE5
14:17:38:072,AM322,IO_0510,08A2
14:17:39:010,AM322,IO_0511,0020
14:17:39:019,AM322,D_31617,0000
14:17:39:006,AM322,IO_0510,108A
14:17:39:944,AM322,IO_0511,0000
14:17:39:022,AM322,D_31620,0000
14:17:39:941,AM322,IO_0510,1482
14:17:41:842,AM322,D_31614,0000
14:17:41:845,AM322,D_31617,0D31
14:17:41:833,AM322,IO_0510,1C92
14:17:43:741,AM322,D_31611,0000
14:17:43:714,AM322,IO_0510,1CB2
14:17:44:684,AM322,IO_0511,0400
14:17:43:732,AM322,D_31602,0000
14:17:43:735,AM322,D_31605,0000
14:17:43:738,AM322,D_31608,0000
14:17:43:744,AM322,D_31614,00FE
14:17:45:648,AM322,D_31602,0166
14:17:44:694,AM322,D_31620,0751
14:17:46:615,AM322,IO_0510,18B2
14:17:47:545,AM322,IO_0511,0000
14:17:47:554,AM322,D_31605,0001
14:17:49:414,AM322,IO_0510,08B2
14:17:50:409,AM322,IO_0511,0000
14:17:50:406,AM322,IO_0510,08B6
14:17:50:420,AM322,D_31608,0150
14:17:52:288,AM322,IO_0510,08A6
14:17:52:302,AM322,D_31611,FFE0
14:17:53:305,AM322,D_31617,0000
14:17:53:296,AM322,IO_0510,18A2
14:17:54:288,AM322,IO_0511,0020
14:17:53:311,AM322,D_31620,0000
14:17:54:285,AM322,IO_0510,1482
14:17:55:234,AM322,IO_0511,0000
14:17:56:225,AM322,IO_0510,1C92
14:17:57:163,AM322,D_31602,0000
14:17:57:172,AM322,D_31611,0000
14:17:56:233,AM322,D_31617,0D32
14:17:57:155,AM322,IO_0510,1CD2
14:17:58:090,AM322,IO_0511,0040
14:17:57:166,AM322,D_31605,0000
14:17:57:169,AM322,D_31608,0000
14:17:58:099,AM322,D_31614,00FE
14:17:59:026,AM322,IO_0510,1CB2
14:18:00:027,AM322,IO_0511,0400
14:18:00:037,AM322,D_31602,017B
14:17:59:039,AM322,D_31620,0755
14:18:00:939,AM322,IO_0510,18B2
14:18:02:804,AM322,IO_0511,0100
14:18:01:879,AM322,D_31605,FFFC
14:18:02:801,AM322,IO_0510,18B6
14:18:03:719,AM322,IO_0511,1000
14:18:04:640,AM322,IO_0510,08B6
14:18:05:638,AM322,IO_0511,0000
14:18:04:649,AM322,D_31608,014F
14:18:05:646,AM322,D_31611,FFDF
14:18:05:635,AM322,IO_0510,08A6
14:18:07:504,AM322,IO_0510,0882
14:18:07:508,AM322,IO_0511,0020
14:18:07:518,AM322,D_31617,0000
14:18:07:522,AM322,D_31620,0000
14:18:08:440,AM322,IO_0510,1482
14:18:08:443,AM322,IO_0511,0000
14:18:09:403,AM322,IO_0510,1492
14:18:10:353,AM322,D_31617,0D33
14:18:11:282,AM322,IO_0510,1CD2
14:18:12:207,AM322,IO_0511,0040
14:18:12:215,AM322,D_31602,0000
14:18:12:224,AM322,D_31611,0000
14:18:11:290,AM322,D_31614,0000
14:18:12:204,AM322,IO_0510,1CF2
14:18:13:174,AM322,IO_0511,0440
14:18:12:218,AM322,D_31605,0000
14:18:12:221,AM322,D_31608,0000
14:18:12:228,AM322,D_31614,00FE
14:18:13:171,AM322,IO_0510,1CB2
14:18:14:129,AM322,IO_0511,0400
14:18:14:139,AM322,D_31602,0166
14:18:14:142,AM322,D_31620,0752
14:18:15:078,AM322,IO_0510,18B2
14:18:16:000,AM322,IO_0511,0000
14:18:16:009,AM322,D_31605,0002
14:18:17:918,AM322,IO_0510,18B6
14:18:18:859,AM322,IO_0511,1000
14:18:18:866,AM322,D_31608,015C
14:18:18:856,AM322,IO_0510,08B6
14:18:19:804,AM322,IO_0511,0000
14:18:20:761,AM322,IO_0510,08A2
14:18:20:772,AM322,D_31611,FFEC
14:18:21:684,AM322,IO_0510,00A2
14:18:22:602,AM322,IO_0511,0020
14:18:22:599,AM322,IO_0510,0082
14:18:23:540,AM322,IO_0511,0000
14:18:25:507,AM322,IO_0510,0002
14:18:27:425,AM322,IO_0510,0000
14:18:38:704,AM322,IO_0510,0882
14:18:39:641,AM322,IO_0510,0892
14:18:44:354,AM322,IO_0510,0C92
14:18:45:293,AM322,D_31617,0000
14:18:46:327,AM322,D_31614,0000
14:18:45:298,AM322,D_31620,0000
14:18:47:270,AM322,IO_0510,14F2
14:18:47:274,AM322,IO_0511,0040
14:18:47:286,AM322,D_31602,0000
14:18:47:289,AM322,D_31605,0000
14:18:47:293,AM322,D_31608,0000
14:18:47:296,AM322,D_31611,0000
14:18:47:299,AM322,D_31614,00FE
14:18:48:244,AM322,D_31617,0D38
14:18:48:229,AM322,IO_0510,1CB2
14:18:49:248,AM322,IO_0511,0400
14:18:49:257,AM322,D_31602,0164
14:18:51:124,AM322,IO_0510,18A2
14:18:52:046,AM322,IO_0511,0000
14:18:51:134,AM322,D_31605,0006
14:18:51:137,AM322,D_31620,075D
14:18:53:906,AM322,IO_0510,18A6
14:18:54:838,AM322,IO_0511,0000
14:18:53:918,AM322,D_31608,014B
14:18:54:835,AM322,IO_0510,18AE
14:18:55:825,AM322,IO_0511,1000
14:18:55:858,AM322,D_31611,FFEB
14:18:56:812,AM322,IO_0510,08AA
14:18:57:739,AM322,IO_0511,0020
14:18:57:736,AM322,IO_0510,0882
14:18:58:715,AM322,IO_0511,0000
14:18:59:641,AM322,IO_0510,0892
14:18:59:649,AM322,D_31617,0000
14:18:59:652,AM322,D_31620,0000
14:19:00:621,AM322,IO_0510,1092
14:19:01:575,AM322,IO_0510,1492
14:19:02:553,AM322,D_31617,0D33
14:19:03:463,AM322,IO_0510,1CD2
14:19:04:449,AM322,IO_0511,0040
14:19:04:458,AM322,D_31602,0000
14:19:04:462,AM322,D_31605,0000
14:19:04:464,AM322,D_31608,0000
14:19:04:467,AM322,D_31611,0000
14:19:04:470,AM322,D_31614,00FE
14:19:05:404,AM322,IO_0510,1CB2
14:19:06:325,AM322,IO_0511,0400
14:19:06:337,AM322,D_31602,0170
14:19:06:340,AM322,D_31620,075D
14:19:07:258,AM322,IO_0510,18B2
14:19:08:194,AM322,IO_0511,0000
14:19:10:081,AM322,IO_0511,1100
14:19:10:078,AM322,IO_0510,18A6
14:19:11:007,AM322,IO_0511,1000
14:19:11:017,AM322,D_31608,014C
14:19:11:998,AM322,IO_0510,08AA
14:19:12:000,AM322,IO_0511,0000
14:19:12:972,AM322,D_31611,FFE0
14:19:12:933,AM322,IO_0510,08A2
14:19:13:924,AM322,IO_0510,08AA
14:19:15:844,AM322,IO_0511,0000
14:19:14:862,AM322,D_31617,0000
14:19:14:874,AM322,D_31620,0000
14:19:13:937,AM322,D_31651,0003
14:19:15:840,AM322,IO_0510,1482
14:19:17:764,AM322,IO_0510,1C92
14:19:18:748,AM322,D_31602,0000
14:19:18:756,AM322,D_31611,0000
14:19:17:775,AM322,D_31614,0000
14:19:17:780,AM322,D_31617,0D2F
14:19:18:740,AM322,IO_0510,1CF2
14:19:19:674,AM322,IO_0511,0040
14:19:18:751,AM322,D_31608,0000
14:19:18:759,AM322,D_31614,00FE
14:19:19:671,AM322,IO_0510,1CB2
14:19:20:620,AM322,IO_0511,0400
14:19:21:542,AM322,D_31602,016C
14:19:20:629,AM322,D_31620,0752
14:19:21:533,AM322,IO_0510,18B2
14:19:22:454,AM322,IO_0511,0000
14:19:22:462,AM322,D_31605,FFFC
14:19:25:270,AM322,IO_0505,0000
14:19:24:344,AM322,IO_0510,18B6
14:19:25:276,AM322,IO_0511,1000
14:19:25:286,AM322,D_31608,014C
14:19:25:273,AM322,IO_0510,08B6
14:19:26:210,AM322,IO_0511,0000
14:19:27:232,AM322,D_31611,FFDD
14:19:27:223,AM322,IO_0510,08A2
14:19:29:085,AM322,IO_0511,0020
14:19:29:097,AM322,D_31617,0000
14:19:30:016,AM322,IO_0510,1482
14:19:30:019,AM322,IO_0511,0000
14:19:29:100,AM322,D_31620,0000
14:19:31:919,AM322,D_31617,0D30
14:19:32:876,AM322,IO_0510,1CD2
14:19:32:887,AM322,D_31602,0000
14:19:32:893,AM322,D_31605,0000
14:19:32:900,AM322,D_31608,0000
14:19:32:905,AM322,D_31611,0000
14:19:32:910,AM322,D_31614,0000
14:19:33:909,AM322,IO_0510,1CB2
14:19:34:854,AM322,IO_0511,0400
14:19:33:922,AM322,D_31614,00FE
14:19:35:811,AM322,D_31602,0169
14:19:34:864,AM322,D_31620,0756
14:19:36:748,AM322,IO_0510,18B2
14:19:36:755,AM322,D_31605,0008
14:19:37:668,AM322,IO_0511,0000
14:19:38:642,AM322,IO_0510,1932
14:19:39:580,AM322,IO_0511,1100
14:19:39:577,AM322,IO_0510,08B2
14:19:40:522,AM322,IO_0511,0000
14:19:40:531,AM322,D_31608,0144
14:19:41:445,AM322,D_31611,FFE9
14:19:41:431,AM322,IO_0510,08AA
14:19:42:426,AM322,IO_0510,08A2
14:19:43:364,AM322,IO_0511,0020
14:19:43:375,AM322,D_31617,0000
14:19:43:378,AM322,D_31620,0000
14:19:44:307,AM322,IO_0510,1482
14:19:44:311,AM322,IO_0511,0000
14:19:46:185,AM322,D_31617,0D37
14:19:46:193,AM322,D_31654,0003
14:19:47:099,AM322,IO_0510,1CD6
14:19:48:029,AM322,IO_0511,0040
14:19:48:040,AM322,D_31602,0000
14:19:48:046,AM322,D_31608,0000
14:19:48:049,AM322,D_31611,0000
14:19:47:111,AM322,D_31614,0000
14:19:48:026,AM322,IO_0510,1CF6
14:19:48:952,AM322,IO_0511,0440
14:19:48:043,AM322,D_31605,0000
14:19:48:051,AM322,D_31614,00FE
14:19:48:949,AM322,IO_0510,1CB2
14:19:49:889,AM322,IO_0511,0400
14:19:50:811,AM322,D_31602,0162
14:19:49:896,AM322,D_31620,0758
14:19:48:967,AM322,D_31652,0003
14:19:50:802,AM322,IO_0510,18B2
14:19:51:760,AM322,IO_0511,0000
14:19:51:770,AM322,D_31605,0002
14:19:52:698,AM322,IO_0503,0002
14:19:52:700,AM322,IO_0510,1932
14:19:53:625,AM322,IO_0511,1100
14:19:53:620,AM322,IO_0503,0000
14:19:53:622,AM322,IO_0510,18B2
14:19:54:598,AM322,IO_0511,1000
14:19:54:609,AM322,D_31608,0143
14:19:53:641,AM322,D_31657,0003
14:19:54:595,AM322,IO_0510,08B2
14:19:55:533,AM322,IO_0511,0000
14:19:56:464,AM322,D_31611,FFE3
14:19:56:454,AM322,IO_0510,08A2
14:19:58:390,AM322,IO_0503,0002
14:19:58:392,AM322,IO_0510,1082
14:19:58:395,AM322,IO_0511,0020
14:19:58:402,AM322,D_31617,0000
14:19:58:405,AM322,D_31620,0000
14:19:58:410,AM322,D_31653,0003
14:19:59:317,AM322,IO_0503,0000
14:19:59:321,AM322,IO_0510,148E
14:19:59:324,AM322,IO_0511,0000
14:20:00:264,AM322,IO_0510,1486
14:20:01:190,AM322,D_31614,0000
14:20:01:193,AM322,D_31617,0D38
14:20:02:220,AM322,IO_0510,1CC2
14:20:03:141,AM322,IO_0511,0040
14:20:02:227,AM322,D_31614,00FE
14:20:03:138,AM322,IO_0510,1C82
14:20:04:062,AM322,IO_0511,0400
14:20:04:071,AM322,D_31620,074E
14:20:05:041,AM322,IO_0510,1892
14:20:05:974,AM322,IO_0511,0000
14:20:05:984,AM322,D_31602,0000
14:20:05:991,AM322,D_31604,0168
14:20:06:002,AM322,D_31608,0000
14:20:06:008,AM322,D_31610,0154
14:20:06:011,AM322,D_31611,0000
14:20:06:023,AM322,D_31655,0003
14:20:05:971,AM322,IO_0510,18B2
14:20:05:988,AM322,D_31603,0294
14:20:05:994,AM322,D_31605,0000
14:20:05:997,AM322,D_31606,010E
14:20:05:999,AM322,D_31607,00A0
14:20:06:005,AM322,D_31609,0280
14:20:06:014,AM322,D_31612,00FA
14:20:06:017,AM322,D_31613,008C
14:20:07:910,AM322,IO_0505,0008
14:20:07:914,AM322,IO_0511,1000
14:20:08:841,AM322,D_31602,0241
14:20:08:829,AM322,IO_0505,0000
14:20:08:832,AM322,IO_0510,08B2
14:20:09:801,AM322,IO_0511,0000
14:20:09:812,AM322,D_31605,00CB
14:20:10:755,AM322,IO_0510,0932
14:20:10:765,AM322,D_31658,0003
14:20:11:683,AM322,IO_0510,08B6
14:20:12:630,AM322,IO_0511,0000
14:20:12:648,AM322,D_31608,0214
14:20:12:654,AM322,D_31617,0000
14:20:12:623,AM322,IO_0510,10B6
14:20:12:658,AM322,D_31620,0000
14:20:14:584,AM322,IO_0510,10A2
14:20:14:587,AM322,IO_0511,0020
14:20:14:594,AM322,D_31611,00B0
14:20:15:500,AM322,D_31617,0D33
14:20:15:487,AM322,IO_0510,10AA
14:20:15:506,AM322,D_31660,0003
14:20:16:423,AM322,IO_0510,1482
14:20:17:379,AM322,IO_0511,0000
14:20:18:318,AM322,IO_0510,1492
14:20:18:327,AM322,D_31620,0754
14:20:21:176,AM322,IO_0511,0400
14:20:22:175,AM322,IO_0510,1092
14:20:23:128,AM322,IO_0511,1000
14:20:24:044,AM322,IO_0510,0112
14:20:24:047,AM322,IO_0511,0000
14:20:24:988,AM322,IO_0510,0092
14:20:25:955,AM322,IO_0511,0000
14:20:28:707,AM322,IO_0510,0082
14:20:46:577,AM322,D_31661,0003
14:20:46:559,AM322,IO_0510,0882
14:20:48:444,AM322,IO_0510,08C2
14:20:49:415,AM322,D_31611,0000
14:20:48:456,AM322,D_31614,0000
14:20:48:459,AM322,D_31615,00F2
14:20:48:462,AM322,D_31616,00DE
14:20:48:468,AM322,D_31656,0003
14:20:49:389,AM322,IO_0510,08E2
14:20:49:392,AM322,IO_0511,0040
14:20:49:406,AM322,D_31602,0000
14:20:49:409,AM322,D_31605,0000
14:20:49:412,AM322,D_31608,0000
14:20:49:418,AM322,D_31614,00E9
14:20:50:438,AM322,IO_0510,08A2
14:20:51:372,AM322,IO_0511,0000
14:20:51:381,AM322,D_31602,0231
14:20:53:220,AM322,D_31605,00C6
14:20:55:140,AM322,D_31617,0000
14:20:54:231,AM322,D_31662,0003
14:20:55:132,AM322,IO_0510,08A6
14:20:56:080,AM322,D_31608,0229
14:20:55:143,AM322,D_31620,0000
14:20:56:070,AM322,IO_0510,10A6
14:20:57:936,AM322,D_31611,00B3
14:20:57:938,AM322,D_31617,0D33
14:20:57:923,AM322,IO_0510,14A2
14:20:57:926,AM322,IO_0511,0020
14:20:58:898,AM322,IO_0510,1482
14:21:00:764,AM322,IO_0511,0000
14:20:59:817,AM322,IO_0510,1C82
14:21:01:713,AM322,IO_0511,0400
14:21:01:722,AM322,D_31614,0000
14:21:01:711,AM322,IO_0510,1CD2
14:21:02:658,AM322,IO_0511,0440
14:21:03:587,AM322,D_31602,0000
14:21:03:597,AM322,D_31611,0000
14:21:02:668,AM322,D_31614,00E9
14:21:01:725,AM322,D_31620,0762
14:21:03:577,AM322,IO_0510,18B2
14:21:04:523,AM322,IO_0511,0000
14:21:03:590,AM322,D_31605,0000
14:21:03:594,AM322,D_31608,0000
14:21:05:454,AM322,IO_0511,1000
14:21:05:465,AM322,D_31602,0229
14:21:06:449,AM322,IO_0510,08B2
14:21:07:429,AM322,IO_0511,0000
14:21:07:440,AM322,D_31605,00C8
14:21:10:277,AM322,IO_0510,10B6
14:21:10:291,AM322,D_31608,021E
14:21:10:294,AM322,D_31617,0000
14:21:10:299,AM322,D_31620,0000
14:21:11:208,AM322,IO_0510,14B6
14:21:12:148,AM322,IO_0511,0020
14:21:12:156,AM322,D_31611,00AF
14:21:13:080,AM322,IO_0510,1486
14:21:14:065,AM322,IO_0511,0000
14:21:13:088,AM322,D_31617,0D34
14:21:14:062,AM322,IO_0510,1C8A
14:21:15:948,AM322,IO_0510,1CC2
14:21:16:880,AM322,IO_0511,0440
14:21:15:959,AM322,D_31614,0000
14:21:16:877,AM322,IO_0510,18D2
14:21:16:892,AM322,D_31614,00E9
14:21:18:757,AM322,IO_0510,18B2
14:21:19:653,AM322,IO_0511,0100
14:21:18:767,AM322,D_31602,0000
14:21:18:769,AM322,D_31605,0000
14:21:18:772,AM322,D_31608,0000
14:21:18:774,AM322,D_31611,0000
14:21:18:777,AM322,D_31620,0765
14:21:20:574,AM322,IO_0511,0000
14:21:20:582,AM322,D_31602,022B
14:21:21:503,AM322,IO_0511,1000
14:21:22:468,AM322,IO_0510,08B2
14:21:23:408,AM322,IO_0511,0000
14:21:22:480,AM322,D_31605,00CE
14:21:23:405,AM322,IO_0510,08B6
14:21:25:256,AM322,D_31608,0216
14:21:25:260,AM322,D_31617,0000
14:21:26:219,AM322,D_31611,00BB
14:21:25:263,AM322,D_31620,0000
14:21:27:133,AM322,IO_0510,14A2
14:21:27:135,AM322,IO_0511,0020
14:21:28:069,AM322,D_31617,0D37
14:21:28:060,AM322,IO_0510,148A
14:21:29:043,AM322,IO_0511,0000
14:21:29:040,AM322,IO_0510,1482
14:21:31:876,AM322,IO_0511,0400
14:21:31:888,AM322,D_31620,0762
14:21:33:764,AM322,IO_0510,1080
14:21:33:767,AM322,IO_0511,0000
14:21:35:693,AM322,IO_0511,1100
14:21:36:630,AM322,IO_0510,0000
14:21:37:574,AM322,IO_0511,0000
14:21:45:249,AM322,IO_0510,0082
14:21:46:172,AM322,IO_0510,0092
14:21:47:098,AM322,IO_0510,0892
14:21:48:998,AM322,D_31614,0000
14:21:48:990,AM322,IO_0510,08D2
14:21:49:958,AM322,IO_0511,0040
14:21:49:967,AM322,D_31602,0000
14:21:49:970,AM322,D_31605,0000
14:21:49:974,AM322,D_31608,0000
14:21:49:977,AM322,D_31611,0000
14:21:49:980,AM322,D_31614,00E9
14:21:49:955,AM322,IO_0510,08B2
14:21:50:909,AM322,IO_0511,0000
14:21:51:838,AM322,D_31602,023D
14:21:52:791,AM322,D_31605,00D1
14:21:55:601,AM322,D_31617,0000
14:21:55:592,AM322,IO_0510,10B6
14:21:56:557,AM322,D_31608,021D
14:21:57:533,AM322,D_31611,00B9
14:21:55:608,AM322,D_31620,0000
14:21:57:521,AM322,IO_0510,14A6
14:21:57:524,AM322,IO_0511,0020
14:21:58:462,AM322,D_31617,0D31
14:21:58:449,AM322,IO_0510,14A2
14:22:00:339,AM322,IO_0510,1C82
14:22:00:341,AM322,IO_0511,0000
14:22:02:256,AM322,IO_0511,0400
14:22:02:274,AM322,D_31614,00E9
14:22:03:208,AM322,IO_0510,1892
14:22:04:137,AM322,IO_0511,0000
14:22:03:218,AM322,D_31602,0000
14:22:03:221,AM322,D_31605,0000
14:22:03:223,AM322,D_31608,0000
14:22:03:225,AM322,D_31611,0000
14:22:05:069,AM322,IO_0503,0000
14:22:04:134,AM322,IO_0510,18B2
14:22:04:146,AM322,D_31620,0766
14:22:06:069,AM322,IO_0511,0100
14:22:06:078,AM322,D_31602,0236
14:22:06:991,AM322,IO_0511,1000
14:22:06:999,AM322,D_31605,00D3
14:22:07:907,AM322,IO_0510,08B2
14:22:08:884,AM322,IO_0511,0000
14:22:08:880,AM322,IO_0510,08B6
14:22:09:903,AM322,D_31608,022A
14:22:11:714,AM322,IO_0511,0020
14:22:11:723,AM322,D_31611,00BD
14:22:11:726,AM322,D_31617,0000
14:22:12:663,AM322,IO_0510,14A2
14:22:13:616,AM322,D_31617,0D31
14:22:11:729,AM322,D_31620,0000
14:22:13:608,AM322,IO_0510,1482
14:22:14:585,AM322,IO_0511,0000
14:22:14:582,AM322,IO_0510,1C82
14:22:15:522,AM322,D_31614,0000
14:22:15:513,AM322,IO_0510,1CD2
14:22:17:327,AM322,IO_0511,0440
14:22:17:338,AM322,D_31602,0000
14:22:17:344,AM322,D_31608,0000
14:22:17:347,AM322,D_31611,0000
14:22:16:424,AM322,D_31614,00E9
14:22:17:324,AM322,IO_0510,1CB2
14:22:18:337,AM322,IO_0511,0400
14:22:17:341,AM322,D_31605,0000
14:22:17:350,AM322,D_31620,0759
14:22:18:334,AM322,IO_0510,18B2
14:22:19:264,AM322,IO_0511,0000
14:22:19:272,AM322,D_31602,0233
14:22:21:114,AM322,IO_0505,0008
14:22:20:176,AM322,IO_0510,1932
14:22:21:122,AM322,IO_0511,1100
14:22:21:131,AM322,D_31605,00D5
14:22:22:051,AM322,IO_0505,0000
14:22:22:054,AM322,IO_0510,08B2
14:22:22:056,AM322,IO_0511,1000
14:22:23:062,AM322,IO_0510,08B6
14:22:23:065,AM322,IO_0511,0000
14:22:23:995,AM322,D_31608,021F
14:22:25:878,AM322,D_31611,00BC
14:22:25:880,AM322,D_31617,0000
14:22:26:845,AM322,IO_0503,0000
14:22:25:866,AM322,IO_0510,10A2
14:22:25:869,AM322,IO_0511,0020
14:22:25:883,AM322,D_31620,0000
14:22:26:848,AM322,IO_0510,1482
14:22:27:802,AM322,IO_0511,0000
14:22:28:734,AM322,D_31617,0D33
14:22:28:725,AM322,IO_0510,1C82
14:22:29:666,AM322,IO_0510,1CD2
14:22:30:648,AM322,IO_0511,0040
14:22:30:657,AM322,D_31614,00E9
14:22:31:561,AM322,IO_0510,1CB2
14:22:32:500,AM322,IO_0511,0400
14:22:31:571,AM322,D_31602,0000
14:22:31:575,AM322,D_31605,0000
14:22:31:577,AM322,D_31608,0000
14:22:31:580,AM322,D_31611,0000
14:22:31:583,AM322,D_31620,0758
14:22:33:442,AM322,D_31602,0242
14:22:33:425,AM322,IO_0510,18B2
14:22:35:305,AM322,IO_0511,0100
14:22:36:245,AM322,IO_0511,1000
14:22:35:314,AM322,D_31605,00D7
14:22:36:242,AM322,IO_0510,08B6
14:22:37:187,AM322,IO_0511,0000
14:22:39:045,AM322,IO_0511,0020
14:22:38:105,AM322,D_31608,021F
14:22:39:065,AM322,D_31611,00B9
14:22:40:052,AM322,D_31617,0000
14:22:40:056,AM322,D_31620,0000
14:22:41:038,AM322,IO_0510,1482
14:22:41:966,AM322,IO_0511,0000
14:22:42:959,AM322,D_31617,0D2F
14:22:43:872,AM322,IO_0510,1CD2
14:22:44:797,AM322,IO_0511,0040
14:22:44:806,AM322,D_31602,0000
14:22:44:814,AM322,D_31611,0000
14:22:43:879,AM322,D_31614,0000
14:22:44:794,AM322,IO_0510,1CF2
14:22:45:802,AM322,IO_0511,0440
14:22:44:808,AM322,D_31605,0000
14:22:44:811,AM322,D_31608,0000
14:22:44:817,AM322,D_31614,00E9
14:22:45:798,AM322,IO_0510,1CB2
14:22:46:738,AM322,IO_0511,0400
14:22:47:651,AM322,D_31602,0232
14:22:45:811,AM322,D_31620,0759
14:22:47:642,AM322,IO_0510,18B2
14:22:48:563,AM322,IO_0511,0000
14:22:48:572,AM322,D_31605,00D5
14:22:49:494,AM322,IO_0510,1932
14:22:50:445,AM322,IO_0511,1100
14:22:50:442,AM322,IO_0510,18B6
14:22:51:385,AM322,IO_0511,1000
14:22:51:396,AM322,D_31608,0222
14:22:51:381,AM322,IO_0510,08B6
14:22:52:349,AM322,IO_0511,0000
14:22:53:289,AM322,D_31611,00B7
14:22:53:273,AM322,IO_0510,08A6
14:22:53:276,AM322,IO_0511,0020
14:22:54:264,AM322,D_31617,0000
14:22:54:255,AM322,IO_0510,08A2
14:22:54:268,AM322,D_31620,0000
14:22:55:181,AM322,IO_0510,1482
14:22:56:128,AM322,IO_0511,0000
14:22:57:077,AM322,D_31617,0D2F
14:22:57:050,AM322,IO_0510,1C82
14:22:58:077,AM322,D_31614,0000
14:22:59:014,AM322,IO_0510,1CF2
14:22:59:018,AM322,IO_0511,0040
14:22:59:026,AM322,D_31602,0000
14:22:59:029,AM322,D_31605,0000
14:22:59:032,AM322,D_31608,0000
14:22:59:035,AM322,D_31611,0000
14:22:59:037,AM322,D_31614,00E9
14:22:59:964,AM322,IO_0510,1CB2
14:23:00:911,AM322,IO_0511,0400
14:22:59:978,AM322,D_31620,075D
14:23:01:879,AM322,D_31602,022E
14:23:01:868,AM322,IO_0510,18B2
14:23:02:815,AM322,IO_0511,0000
14:23:02:825,AM322,D_31605,00CD
14:23:03:747,AM322,IO_0510,1932
14:23:04:696,AM322,IO_0511,1100
14:23:05:709,AM322,IO_0510,08B6
14:23:06:657,AM322,IO_0511,0000
14:23:05:721,AM322,D_31608,0223
14:23:06:654,AM322,IO_0510,08BE
14:23:07:582,AM322,IO_0511,0020
14:23:07:590,AM322,D_31611,00B8
14:23:07:579,AM322,IO_0510,08A2
14:23:09:489,AM322,D_31617,0000
14:23:09:482,AM322,IO_0510,1082
14:23:10:423,AM322,IO_0511,0000
14:23:09:492,AM322,D_31620,0000
14:23:11:349,AM322,IO_0510,1492
14:23:12:365,AM322,D_31617,0D33
14:23:12:351,AM322,IO_0510,1CD2
14:23:13:312,AM322,IO_0511,0040
14:23:13:325,AM322,D_31602,0000
14:23:13:329,AM322,D_31605,0000
14:23:13:334,AM322,D_31608,0000
14:23:13:339,AM322,D_31611,0000
14:23:13:353,AM322,D_31614,00E9
14:23:14:293,AM322,IO_0510,1CB2
14:23:15:216,AM322,IO_0511,0400
14:23:16:146,AM322,D_31602,0221
14:23:15:225,AM322,D_31620,075C
14:23:16:137,AM322,IO_0510,18B2
14:23:17:130,AM322,IO_0511,0000
14:23:17:138,AM322,D_31605,00CB
14:23:18:984,AM322,IO_0511,1100
14:23:19:928,AM322,IO_0510,08B6
14:23:19:930,AM322,IO_0511,1000
14:23:19:941,AM322,D_31608,0222
14:23:21:824,AM322,IO_0511,0020
14:23:21:832,AM322,D_31611,00B6
14:23:21:821,AM322,IO_0510,08A6
14:23:23:702,AM322,IO_0510,108A
14:23:24:649,AM322,IO_0511,0000
14:23:23:711,AM322,D_31617,0000
14:23:23:714,AM322,D_31620,0000
14:23:24:646,AM322,IO_0510,1482
14:23:26:563,AM322,IO_0510,1C92
14:23:26:574,AM322,D_31614,0000
14:23:26:577,AM322,D_31617,0D39
14:23:27:504,AM322,IO_0510,1CD2
14:23:28:456,AM322,IO_0511,0040
14:23:28:464,AM322,D_31602,0000
14:23:28:472,AM322,D_31608,0000
14:23:28:475,AM322,D_31611,0000
14:23:28:478,AM322,D_31614,00E9
14:23:28:452,AM322,IO_0510,1CB2
14:23:29:412,AM322,IO_0511,0400
14:23:30:325,AM322,D_31602,0236
14:23:28:468,AM322,D_31605,0000
14:23:31:244,AM322,IO_0510,18B2
14:23:32:175,AM322,IO_0511,0000
14:23:32:184,AM322,D_31605,00DF
14:23:33:151,AM322,IO_0510,1936
14:23:34:093,AM322,IO_0511,0100
14:23:34:095,AM322,IO_0512,1000
14:23:34:103,AM322,IO_0586,0001
14:23:34:090,AM322,IO_0510,18B6
14:23:35:027,AM322,IO_0511,0000
14:23:35:040,AM322,D_31608,0221
14:23:36:057,AM322,D_31611,00BE
14:23:34:108,AM322,D_31620,0797
14:23:36:044,AM322,IO_0510,08B6
14:23:36:048,AM322,IO_0511,0020
14:23:37:040,AM322,IO_0512,0000
14:23:37:037,AM322,IO_0510,08A2
14:23:37:989,AM322,D_31614,0000
14:23:37:979,AM322,IO_0510,08C2
14:23:38:895,AM322,IO_0511,0040
14:23:38:906,AM322,D_31614,00E9
14:23:39:881,AM322,IO_0510,0882
14:23:40:809,AM322,IO_0511,0000
14:23:40:806,AM322,IO_0510,0892
14:23:45:486,AM322,IO_0510,0812
14:23:49:179,AM322,IO_0510,0012
14:23:51:045,AM322,IO_0503,0002
14:23:51:048,AM322,IO_0510,0002
14:23:51:968,AM322,IO_0503,0000
14:23:52:904,AM322,IO_0510,0010
14:23:58:494,AM322,IO_0510,0000
14:24:02:163,AM322,IO_0502,A000
14:24:02:170,AM322,IO_0586,0000
14:24:04:997,AM322,IO_0502,9000
14:24:05:905,AM322,IO_0510,0882
14:24:06:840,AM322,IO_0510,0892
14:24:12:571,AM322,D_31617,0000
14:24:12:563,AM322,IO_0510,1892
14:24:12:574,AM322,D_31620,0000
14:24:13:498,AM322,IO_0510,1482
14:24:15:423,AM322,D_31617,0D32
14:24:15:409,AM322,IO_0510,1C82
14:24:16:384,AM322,D_31602,0000
14:24:16:390,AM322,D_31608,0000
14:24:16:392,AM322,D_31611,0000
14:24:16:396,AM322,D_31614,00E9
14:24:16:374,AM322,IO_0510,1CC2
14:24:17:317,AM322,IO_0511,0040
14:24:16:386,AM322,D_31605,0000
14:24:17:314,AM322,IO_0510,1CA2
14:24:19:190,AM322,IO_0511,0400
14:24:19:204,AM322,D_31602,023A
14:24:18:260,AM322,D_31620,0760
14:24:20:162,AM322,IO_0510,18A2
14:24:21:133,AM322,IO_0511,0000
14:24:20:176,AM322,D_31605,00CA
14:24:23:023,AM322,IO_0505,0000
14:24:22:075,AM322,IO_0510,1922
14:24:23:030,AM322,IO_0511,1100
14:24:23:027,AM322,IO_0510,08A6
14:24:23:976,AM322,IO_0511,0000
14:24:23:039,AM322,D_31608,021D
14:24:24:914,AM322,IO_0511,0020
14:24:24:923,AM322,D_31611,00B5
14:24:25:914,AM322,IO_0510,00A2
14:24:26:846,AM322,IO_0510,008A
14:24:27:789,AM322,IO_0511,0000
14:24:28:717,AM322,IO_0510,0080
14:24:29:667,AM322,IO_0510,0000
14:24:42:857,AM322,IO_0503,0002
14:24:42:001,AM322,IO_0510,0892
14:24:43:749,AM322,IO_0503,0000
14:24:46:374,AM322,IO_0510,0C92
14:24:48:102,AM322,D_31617,0000
14:24:48:104,AM322,D_31620,0000
14:24:48:965,AM322,IO_0510,14D2
14:24:49:855,AM322,IO_0511,0040
14:24:49:866,AM322,D_31602,0000
14:24:49:872,AM322,D_31608,0000
14:24:49:875,AM322,D_31611,0000
14:24:49:878,AM322,D_31614,00E9
14:24:49:851,AM322,IO_0510,14F2
14:24:49:869,AM322,D_31605,0000
14:24:50:765,AM322,D_31617,0D33
14:24:51:632,AM322,IO_0510,1CA2
14:24:51:635,AM322,IO_0511,0400
14:24:51:644,AM322,D_31602,0236
14:24:53:415,AM322,D_31605,00D0
14:24:53:407,AM322,IO_0510,18A2
14:24:54:275,AM322,IO_0511,0000
14:24:55:149,AM322,IO_0510,1926
14:24:56:027,AM322,IO_0511,0100
14:24:56:037,AM322,D_31608,022C
14:24:55:158,AM322,D_31620,075D
14:24:57:782,AM322,IO_0505,0008
14:24:56:024,AM322,IO_0510,18A6
14:24:57:789,AM322,IO_0511,1020
14:24:57:797,AM322,D_31611,00BD
14:24:58:662,AM322,IO_0505,0000
14:24:57:786,AM322,IO_0510,18A2
14:24:59:537,AM322,IO_0511,0020
14:24:59:534,AM322,IO_0510,0882
14:25:00:403,AM322,IO_0511,0000
14:25:01:267,AM322,IO_0510,0892
14:25:02:157,AM322,D_31617,0000
14:25:02:142,AM322,IO_0510,1892
14:25:02:161,AM322,D_31620,0000
14:25:03:052,AM322,IO_0510,1492
14:25:04:788,AM322,D_31617,0D31
14:25:05:651,AM322,D_31614,0000
14:25:06:545,AM322,IO_0510,1CF2
14:25:07:453,AM322,IO_0511,0040
14:25:06:553,AM322,D_31602,0000
14:25:06:556,AM322,D_31605,0000
14:25:06:561,AM322,D_31608,0000
14:25:06:563,AM322,D_31611,0000
14:25:06:565,AM322,D_31614,00E9
14:25:07:450,AM322,IO_0510,1CB2
14:25:08:363,AM322,IO_0511,0400
14:25:09:274,AM322,D_31602,0235
14:25:08:372,AM322,D_31620,075E
14:25:10:196,AM322,IO_0510,18B2
14:25:11:928,AM322,IO_0511,0100
14:25:10:206,AM322,D_31605,00D0
14:25:11:926,AM322,IO_0510,18A2
14:25:12:793,AM322,IO_0511,1000
14:25:12:804,AM322,D_31608,021D
14:25:13:662,AM322,IO_0510,08A6
14:25:14:501,AM322,IO_0511,0020
14:25:14:510,AM322,D_31611,00BA
14:25:16:271,AM322,IO_0510,0882
14:25:17:148,AM322,IO_0511,0000
14:25:17:159,AM322,D_31617,0000
14:25:17:145,AM322,IO_0510,1082
14:25:17:163,AM322,D_31620,0000
14:25:18:914,AM322,IO_0510,1492
14:25:19:801,AM322,D_31617,0D31
14:25:19:791,AM322,IO_0510,1C92
14:25:20:673,AM322,D_31614,0000
14:25:21:557,AM322,IO_0510,1CF2
14:25:22:446,AM322,IO_0511,0440
14:25:21:568,AM322,D_31602,0000
14:25:21:571,AM322,D_31605,0000
14:25:21:573,AM322,D_31608,0000
14:25:21:576,AM322,D_31611,0000
14:25:21:578,AM322,D_31614,00E9
14:25:22:443,AM322,IO_0510,1CB2
14:25:23:311,AM322,IO_0511,0400
14:25:23:320,AM322,D_31602,022E
14:25:24:196,AM322,IO_0510,18B2
14:25:25:066,AM322,IO_0511,0000
14:25:23:323,AM322,D_31620,075C
14:25:25:079,AM322,D_31605,00CF
14:25:27:712,AM322,IO_0505,0000
14:25:26:845,AM322,IO_0510,18B6
14:25:27:718,AM322,IO_0511,1000
14:25:27:726,AM322,D_31608,0221
14:25:27:715,AM322,IO_0510,08B6
14:25:28:570,AM322,IO_0511,0000
14:25:29:448,AM322,D_31611,00B9
14:25:29:435,AM322,IO_0510,08A6
14:25:29:438,AM322,IO_0511,0020
14:25:30:313,AM322,IO_0510,08A2
14:25:31:194,AM322,D_31617,0000
14:25:31:199,AM322,D_31620,0000
14:25:32:066,AM322,IO_0510,1482
14:25:32:069,AM322,IO_0511,0000
14:25:33:807,AM322,IO_0510,1492
14:25:34:720,AM322,D_31614,0000
14:25:33:818,AM322,D_31617,0D30
14:25:34:711,AM322,IO_0510,1CD2
14:25:35:606,AM322,D_31602,0000
14:25:35:609,AM322,D_31605,0000
14:25:35:614,AM322,D_31608,0000
14:25:35:621,AM322,D_31611,0000
14:25:35:628,AM322,D_31614,00E9
14:25:36:527,AM322,IO_0510,1CB2
14:25:37:413,AM322,IO_0511,0400
14:25:38:302,AM322,D_31602,0236
14:25:37:422,AM322,D_31620,075B
14:25:39:171,AM322,IO_0510,18B2
14:25:40:036,AM322,IO_0511,0000
14:25:39:182,AM322,D_31605,00D2
14:25:40:939,AM322,IO_0510,1936
14:25:41:833,AM322,IO_0511,1100
14:25:41:830,AM322,IO_0510,18B6
14:25:42:719,AM322,IO_0511,1000
14:25:42:732,AM322,D_31608,021A
14:25:43:611,AM322,IO_0510,08AA
14:25:43:614,AM322,IO_0511,0020
14:25:43:622,AM322,D_31611,00BC
14:25:44:498,AM322,IO_0510,08A2
14:25:46:277,AM322,IO_0510,1082
14:25:46:280,AM322,IO_0511,0000
14:25:46:288,AM322,D_31617,0000
14:25:46:290,AM322,D_31620,0000
14:25:47:135,AM322,IO_0510,1482
14:25:48:909,AM322,D_31617,0D2F
14:25:48:898,AM322,IO_0510,1C92
14:25:49:804,AM322,D_31602,0000
14:25:49:810,AM322,D_31608,0000
14:25:49:813,AM322,D_31611,0000
14:25:49:793,AM322,IO_0510,1CD2
14:25:50:692,AM322,IO_0511,0040
14:25:49:807,AM322,D_31605,0000
14:25:50:703,AM322,D_31614,00E9
14:25:50:690,AM322,IO_0510,1CB2
14:25:52:438,AM322,IO_0511,0400
14:25:52:446,AM322,D_31602,023A
14:25:51:570,AM322,D_31620,075A
14:25:53:315,AM322,IO_0510,18B2
14:25:54:194,AM322,IO_0511,0000
14:25:55:059,AM322,IO_0503,0000
14:25:54:202,AM322,D_31605,00D0
14:25:56:770,AM322,IO_0511,1000
14:25:56:778,AM322,D_31608,021D
14:25:56:768,AM322,IO_0510,08B6
14:25:57:643,AM322,IO_0511,0000
14:25:58:532,AM322,D_31611,00B7
14:25:58:520,AM322,IO_0510,08A6
14:25:58:523,AM322,IO_0511,0020
14:26:00:275,AM322,D_31617,0000
14:26:00:278,AM322,D_31620,0000
14:26:01:155,AM322,IO_0510,1482
14:26:01:158,AM322,IO_0511,0000
14:26:02:906,AM322,IO_0503,0002
14:26:02:030,AM322,IO_0510,1492
14:26:02:920,AM322,D_31617,0D35
14:26:03:790,AM322,IO_0503,0000
14:26:03:793,AM322,IO_0510,1CD2
14:26:04:653,AM322,IO_0511,0040
14:26:04:662,AM322,D_31602,0000
14:26:04:677,AM322,D_31608,0000
14:26:04:680,AM322,D_31611,0000
14:26:03:801,AM322,D_31614,0000
14:26:05:562,AM322,IO_0510,1CB2
14:26:06:428,AM322,IO_0511,0400
14:26:04:674,AM322,D_31605,0000
14:26:04:683,AM322,D_31614,00E9
14:26:07:312,AM322,D_31602,0230
14:26:06:436,AM322,D_31620,075A
14:26:07:302,AM322,IO_0510,18B2
14:26:09:046,AM322,IO_0511,0000
14:26:08:182,AM322,D_31605,00D4
14:26:10:782,AM322,IO_0511,1000
14:26:11:664,AM322,D_31608,0223
14:26:12:563,AM322,IO_0510,08A2
14:26:12:566,AM322,IO_0511,0020
14:26:12:575,AM322,D_31611,00BC
14:26:13:443,AM322,IO_0510,08A6
14:26:15:197,AM322,IO_0510,1086
14:26:15:199,AM322,IO_0511,0000
14:26:15:207,AM322,D_31617,0000
14:26:15:210,AM322,D_31620,0000
14:26:16:070,AM322,IO_0510,1082
14:26:17:797,AM322,IO_0511,0100
14:26:17:807,AM322,D_31617,0D32
14:26:17:794,AM322,IO_0510,1892
14:26:18:684,AM322,IO_0511,0000
14:26:18:693,AM322,D_31602,0000
14:26:18:706,AM322,D_31605,0000
14:26:18:708,AM322,D_31608,0000
14:26:18:714,AM322,D_31611,0000
14:26:18:724,AM322,D_31614,0000
14:26:19:620,AM322,IO_0510,18B2
14:26:19:622,AM322,IO_0511,0040
14:26:19:630,AM322,D_31614,00E9
14:26:21:427,AM322,IO_0511,0000
14:26:21:434,AM322,D_31602,0234
14:26:22:367,AM322,IO_0510,1CB2
14:26:22:377,AM322,D_31605,00CE
14:26:25:175,AM322,IO_0512,1000
14:26:25:183,AM322,IO_0586,0001
14:26:25:188,AM322,D_31620,0799
14:26:26:108,AM322,IO_0510,1CB6
14:26:27:040,AM322,IO_0511,0420
14:26:26:116,AM322,D_31608,0221
14:26:27:051,AM322,D_31611,00BD
14:26:27:037,AM322,IO_0510,0CB6
14:26:27:967,AM322,IO_0512,0000
14:26:28:898,AM322,IO_0510,0882
14:26:29:842,AM322,IO_0510,08C2
14:26:30:814,AM322,IO_0511,0040
14:26:30:821,AM322,D_31614,00E9
14:26:30:811,AM322,IO_0510,0902
14:26:31:731,AM322,IO_0511,0100
14:26:31:728,AM322,IO_0510,0892
14:26:32:645,AM322,IO_0511,0000
14:26:34:495,AM322,IO_0505,0001
14:26:34:504,AM322,IO_0506,4000
14:26:36:467,AM322,IO_0503,0000
14:26:35:433,AM322,IO_0505,0000
14:26:35:436,AM322,IO_0506,0000
14:26:38:284,AM322,IO_0510,0810
14:26:41:148,AM322,IO_0510,0010
14:26:42:146,AM322,IO_0510,0000
14:26:44:010,AM322,IO_0510,0010
14:26:49:497,AM322,IO_0510,0000
14:26:53:277,AM322,IO_0502,A000
14:26:53:286,AM322,IO_0586,0000
14:26:55:131,AM322,IO_0502,9000
14:26:56:058,AM322,IO_0510,0882
14:26:57:032,AM322,IO_0510,0892
14:27:02:603,AM322,D_31617,0000
14:27:03:537,AM322,IO_0503,0000
14:27:02:592,AM322,IO_0510,1892
14:27:02:606,AM322,D_31620,0000
14:27:03:540,AM322,IO_0510,1092
14:27:05:428,AM322,D_31617,0D37
14:27:05:419,AM322,IO_0510,1C82
14:27:06:349,AM322,D_31614,0000
14:27:06:340,AM322,IO_0510,1CC2
14:27:07:280,AM322,IO_0511,0040
14:27:07:292,AM322,D_31602,0000
14:27:07:296,AM322,D_31605,0000
14:27:07:300,AM322,D_31608,0000
14:27:07:305,AM322,D_31611,0000
14:27:07:309,AM322,D_31614,00E9
14:27:08:259,AM322,IO_0510,1CA2
14:27:09:242,AM322,IO_0511,0400
14:27:09:251,AM322,D_31602,0238
14:27:11:122,AM322,IO_0510,18A2
14:27:12:027,AM322,IO_0511,0000
14:27:11:130,AM322,D_31605,00CA
14:27:12:960,AM322,IO_0503,0000
14:27:12:966,AM322,IO_0511,0100
14:27:12:968,AM322,IO_0512,1000
14:27:12:976,AM322,IO_0586,0001
14:27:12:963,AM322,IO_0510,18A6
14:27:13:950,AM322,IO_0511,0000
14:27:13:959,AM322,D_31608,0220
14:27:14:957,AM322,D_31611,00B6
14:27:12:982,AM322,D_31620,0790
14:27:14:947,AM322,IO_0510,08A2
14:27:15:880,AM322,IO_0511,0020
14:27:15:884,AM322,IO_0512,0000
14:27:16:907,AM322,D_31614,0000
14:27:17:818,AM322,IO_0510,08C2
14:27:18:768,AM322,IO_0511,0040
14:27:18:764,AM322,IO_0510,0882
14:27:19:730,AM322,IO_0511,0000
14:27:18:778,AM322,D_31614,00E9
14:27:19:727,AM322,IO_0510,0892
14:27:22:515,AM322,IO_0505,0001
14:27:23:431,AM322,IO_0505,0000
14:27:23:434,AM322,IO_0506,0000
14:27:24:346,AM322,IO_0510,0812
14:27:29:760,AM322,IO_0510,0002
14:27:30:637,AM322,IO_0510,0000
14:27:31:544,AM322,IO_0510,0010
14:27:36:945,AM322,IO_0510,0000
14:27:39:761,AM322,IO_0502,A000
14:27:40:682,AM322,IO_0586,0000
14:27:41:594,AM322,IO_0502,9000
14:27:42:545,AM322,IO_0510,0882
14:27:43:559,AM322,IO_0510,0892
14:27:49:171,AM322,D_31617,0000
14:27:49:174,AM322,D_31620,0000
14:27:50:066,AM322,IO_0510,1892
14:27:51:037,AM322,IO_0510,1482
14:27:51:975,AM322,D_31617,0D31
14:27:52:940,AM322,IO_0510,1CC2
14:27:53:876,AM322,IO_0511,0040
14:27:53:885,AM322,D_31602,0000
14:27:53:891,AM322,D_31608,0000
14:27:53:893,AM322,D_31611,0000
14:27:53:896,AM322,D_31614,00E9
14:27:53:872,AM322,IO_0510,1CE2
14:27:53:888,AM322,D_31605,0000
14:27:54:855,AM322,IO_0510,1CA2
14:27:55:802,AM322,IO_0511,0400
14:27:55:811,AM322,D_31602,0235
14:27:57:651,AM322,D_31605,00C5
14:27:57:641,AM322,IO_0510,18A2
14:27:58:606,AM322,IO_0511,0000
14:27:59:544,AM322,IO_0586,0001
14:27:59:533,AM322,IO_0510,1926
14:28:00:483,AM322,IO_0511,0100
14:27:59:537,AM322,IO_0512,1000
14:28:00:492,AM322,D_31608,0221
14:27:59:548,AM322,D_31620,0792
14:28:01:415,AM322,IO_0510,08AE
14:28:02:370,AM322,IO_0511,0020
14:28:02:378,AM322,D_31611,00B4
14:28:02:367,AM322,IO_0510,08A2
14:28:03:311,AM322,IO_0512,0000
14:28:04:241,AM322,IO_0510,08C2
14:28:05:157,AM322,IO_0511,0040
14:28:04:250,AM322,D_31614,0000
14:28:05:166,AM322,D_31614,00E9
14:28:06:154,AM322,IO_0510,0892
14:28:07:076,AM322,IO_0511,0000
14:28:11:733,AM322,IO_0510,0812
14:28:15:442,AM322,IO_0510,0012
14:28:16:346,AM322,IO_0510,0002
14:28:18:289,AM322,IO_0510,0010
14:28:23:885,AM322,IO_0510,0000
14:28:27:594,AM322,IO_0502,A000
14:28:27:601,AM322,IO_0586,0000
14:28:29:418,AM322,IO_0502,9000
14:28:30:380,AM322,IO_0510,0882
14:28:31:380,AM322,IO_0510,0892
14:28:37:046,AM322,D_31617,0000
14:28:37:050,AM322,D_31620,0000
14:28:37:965,AM322,IO_0510,1482
14:28:40:783,AM322,D_31611,0000
14:28:39:851,AM322,D_31614,0000
14:28:39:854,AM322,D_31617,0D32
14:28:40:758,AM322,IO_0510,1CC2
14:28:41:737,AM322,IO_0511,0040
14:28:40:769,AM322,D_31602,0000
14:28:40:774,AM322,D_31605,0000
14:28:40:779,AM322,D_31608,0000
14:28:40:788,AM322,D_31614,00E9
14:28:41:722,AM322,IO_0510,1CA2
14:28:42:738,AM322,IO_0511,0000
14:28:43:665,AM322,IO_0511,0400
14:28:43:674,AM322,D_31602,0235
14:28:43:676,AM322,D_31620,0761
14:28:44:576,AM322,IO_0510,18A2
14:28:45:503,AM322,IO_0511,0000
14:28:44:586,AM322,D_31605,00CC
14:28:47:413,AM322,IO_0511,1100
14:28:47:426,AM322,D_31608,021E
14:28:47:410,AM322,IO_0510,08A6
14:28:48:391,AM322,IO_0511,0000
14:28:49:318,AM322,IO_0510,08AA
14:28:49:320,AM322,IO_0511,0020
14:28:49:327,AM322,D_31611,00B5
14:28:50:289,AM322,IO_0510,08A2
14:28:51:225,AM322,D_31617,0000
14:28:52:134,AM322,IO_0510,1482
14:28:52:137,AM322,IO_0511,0000
14:28:51:228,AM322,D_31620,0000
14:28:53:961,AM322,D_31617,0D31
14:28:54:966,AM322,IO_0510,1CD2
14:28:55:902,AM322,IO_0511,0040
14:28:55:910,AM322,D_31602,0000
14:28:55:916,AM322,D_31608,0000
14:28:55:919,AM322,D_31611,0000
14:28:55:921,AM322,D_31614,00E9
14:28:55:899,AM322,IO_0510,1CF2
14:28:56:841,AM322,IO_0511,0440
14:28:57:771,AM322,D_31602,0235
14:28:55:913,AM322,D_31605,0000
14:28:56:849,AM322,D_31620,075F
14:28:56:838,AM322,IO_0510,1CB2
14:28:57:761,AM322,IO_0511,0400
14:28:58:699,AM322,IO_0510,18B2
14:28:59:622,AM322,IO_0511,0000
14:28:59:631,AM322,D_31605,00CA
14:29:01:504,AM322,IO_0511,1100
14:29:01:500,AM322,IO_0510,18B6
14:29:02:443,AM322,IO_0511,1000
14:29:02:451,AM322,D_31608,021A
14:29:03:391,AM322,IO_0510,08BE
14:29:04:308,AM322,IO_0511,0020
14:29:04:319,AM322,D_31611,00B3
14:29:04:305,AM322,IO_0510,08A2
14:29:06:200,AM322,IO_0510,1482
14:29:06:203,AM322,IO_0511,0000
14:29:06:211,AM322,D_31617,0000
14:29:06:213,AM322,D_31620,0000
14:29:08:122,AM322,D_31617,0D34
14:29:08:111,AM322,IO_0510,1492
14:29:09:056,AM322,D_31614,0000
14:29:09:984,AM322,IO_0510,1CF2
14:29:09:987,AM322,IO_0511,0040
14:29:09:995,AM322,D_31602,0000
14:29:09:997,AM322,D_31605,0000
14:29:10:000,AM322,D_31608,0000
14:29:10:002,AM322,D_31611,0000
14:29:10:005,AM322,D_31614,00E9
14:29:10:959,AM322,IO_0510,1CB2
14:29:11:899,AM322,IO_0511,0400
14:29:11:911,AM322,D_31602,0234
14:29:12:874,AM322,IO_0510,18B2
14:29:13:811,AM322,IO_0511,0000
14:29:13:824,AM322,D_31605,00CD
14:29:14:739,AM322,IO_0510,1932
14:29:15:700,AM322,IO_0511,0100
14:29:15:708,AM322,IO_0586,0001
14:29:15:697,AM322,IO_0510,18B6
14:29:16:635,AM322,IO_0511,0000
14:29:16:638,AM322,IO_0512,1000
14:29:16:648,AM322,D_31608,0215
14:29:15:713,AM322,D_31620,0790
14:29:18:483,AM322,IO_0511,0020
14:29:18:491,AM322,D_31611,00B2
14:29:19:511,AM322,IO_0510,0882
14:29:19:513,AM322,IO_0512,0000
14:29:20:446,AM322,IO_0510,08C2
14:29:21:378,AM322,IO_0511,0040
14:29:21:388,AM322,D_31614,00E9
14:29:23:284,AM322,IO_0510,0892
14:29:23:286,AM322,IO_0511,0000
14:29:27:899,AM322,IO_0510,0812
14:29:31:601,AM322,IO_0510,0012
14:29:34:313,AM322,IO_0510,0000
14:29:35:259,AM322,IO_0510,0010
14:29:40:739,AM322,IO_0510,0000
14:29:43:510,AM322,IO_0586,0000
14:29:43:502,AM322,IO_0502,A000
14:29:45:398,AM322,IO_0502,9000
14:29:46:306,AM322,IO_0510,0882
14:29:47:276,AM322,IO_0510,0892
14:29:52:994,AM322,D_31617,0000
14:29:52:985,AM322,IO_0510,1892
14:29:52:997,AM322,D_31620,0000
14:29:54:865,AM322,IO_0510,1482
14:29:55:865,AM322,D_31617,0D32
14:29:55:849,AM322,IO_0510,1C82
14:29:56:845,AM322,D_31602,0000
14:29:56:857,AM322,D_31608,0000
14:29:56:864,AM322,D_31611,0000
14:29:56:869,AM322,D_31614,00E9
14:29:56:833,AM322,IO_0510,1CC2
14:29:57:859,AM322,IO_0511,0040
14:29:56:850,AM322,D_31605,0000
14:29:57:854,AM322,IO_0510,1CA2
14:29:59:785,AM322,IO_0511,0400
14:29:59:798,AM322,D_31602,023D
14:29:58:816,AM322,D_31620,0762
14:30:00:736,AM322,D_31605,00C9
14:30:00:724,AM322,IO_0510,18A2
14:30:01:669,AM322,IO_0511,0000
14:30:03:631,AM322,IO_0505,0000
14:30:02:715,AM322,IO_0510,18A6
14:30:03:637,AM322,IO_0511,1000
14:30:03:645,AM322,D_31608,0221
14:30:03:634,AM322,IO_0510,08A6
14:30:04:566,AM322,IO_0511,0000
14:30:05:491,AM322,IO_0510,08A2
14:30:05:493,AM322,IO_0511,0020
14:30:05:500,AM322,D_31611,00B5
14:30:07:372,AM322,D_31617,0000
14:30:08:287,AM322,IO_0510,1482
14:30:08:290,AM322,IO_0511,0000
14:30:07:375,AM322,D_31620,0000
14:30:10:155,AM322,D_31614,0000
14:30:10:158,AM322,D_31617,0D30
14:30:11:123,AM322,IO_0510,1CD2
14:30:11:130,AM322,D_31602,0000
14:30:11:133,AM322,D_31605,0000
14:30:11:135,AM322,D_31608,0000
14:30:11:137,AM322,D_31611,0000
14:30:12:054,AM322,IO_0510,1CB2
14:30:12:994,AM322,IO_0511,0400
14:30:12:068,AM322,D_31614,00E9
14:30:13:965,AM322,D_31602,022A
14:30:13:006,AM322,D_31620,0765
14:30:14:922,AM322,IO_0510,18B2
14:30:15:905,AM322,IO_0511,0000
14:30:14:932,AM322,D_31605,00C5
14:30:16:846,AM322,IO_0511,0100
14:30:17:779,AM322,IO_0510,08B6
14:30:17:782,AM322,IO_0511,1000
14:30:17:790,AM322,D_31608,021A
14:30:19:674,AM322,IO_0511,0020
14:30:19:683,AM322,D_31611,00B3
14:30:19:671,AM322,IO_0510,08A6
14:30:21:632,AM322,D_31617,0000
14:30:21:621,AM322,IO_0510,1882
14:30:22:640,AM322,IO_0511,0000
14:30:21:637,AM322,D_31620,0000
14:30:22:637,AM322,IO_0510,1482
14:30:24:523,AM322,IO_0510,1C92
14:30:25:474,AM322,D_31602,0000
14:30:25:481,AM322,D_31608,0000
14:30:25:484,AM322,D_31611,0000
14:30:24:537,AM322,D_31617,0D2F
14:30:25:465,AM322,IO_0510,1CD2
14:30:26:446,AM322,IO_0511,0040
14:30:25:478,AM322,D_31605,0000
14:30:26:455,AM322,D_31614,00E9
14:30:26:442,AM322,IO_0510,1CB2
14:30:27:428,AM322,IO_0511,0400
14:30:28:427,AM322,D_31602,0235
14:30:27:439,AM322,D_31620,075F
14:30:29:370,AM322,D_31605,00C6
14:30:29:359,AM322,IO_0510,18B2
14:30:30:344,AM322,IO_0511,0000
14:30:31:293,AM322,IO_0510,18B6
14:30:32:287,AM322,IO_0511,1000
14:30:32:296,AM322,D_31608,0228
14:30:32:285,AM322,IO_0510,08B6
14:30:33:204,AM322,IO_0511,0000
14:30:34:155,AM322,IO_0511,0020
14:30:34:164,AM322,D_31611,00B1
14:30:35:119,AM322,IO_0510,08A2
14:30:36:060,AM322,D_31617,0000
14:30:36:985,AM322,IO_0510,1482
14:30:36:988,AM322,IO_0511,0000
14:30:36:063,AM322,D_31620,0000
14:30:37:913,AM322,IO_0510,1492
14:30:38:897,AM322,D_31617,0D38
14:30:39:838,AM322,IO_0510,1CD2
14:30:40:780,AM322,IO_0511,0040
14:30:39:846,AM322,D_31602,0000
14:30:39:849,AM322,D_31605,0000
14:30:39:851,AM322,D_31608,0000
14:30:39:854,AM322,D_31611,0000
14:30:39:856,AM322,D_31614,0000
14:30:40:777,AM322,IO_0510,1CF2
14:30:41:731,AM322,IO_0511,0440
14:30:40:789,AM322,D_31614,00E8
14:30:41:727,AM322,IO_0510,1CB2
14:30:42:684,AM322,IO_0511,0400
14:30:42:697,AM322,D_31602,022B
14:30:41:742,AM322,D_31620,075B
14:30:43:624,AM322,IO_0510,18B2
14:30:44:572,AM322,IO_0511,0000
14:30:43:633,AM322,D_31605,00C9
14:30:46:508,AM322,IO_0510,08B6
14:30:47:482,AM322,IO_0511,1000
14:30:46:523,AM322,D_31608,020D
14:30:48:420,AM322,IO_0511,0020
14:30:48:432,AM322,D_31611,00BF
14:30:49:369,AM322,IO_0510,08A2
14:30:50:297,AM322,D_31617,0000
14:30:50:288,AM322,IO_0510,0882
14:30:51:272,AM322,IO_0511,0000
14:30:50:300,AM322,D_31620,0000
14:30:52:207,AM322,IO_0510,1492
14:30:53:155,AM322,D_31617,0D35
14:30:53:146,AM322,IO_0510,1C92
14:30:54:115,AM322,D_31614,0000
14:30:55:055,AM322,IO_0510,1CF2
14:30:56:035,AM322,IO_0511,0440
14:30:55:065,AM322,D_31602,0000
14:30:55:068,AM322,D_31605,0000
14:30:55:070,AM322,D_31608,0000
14:30:55:072,AM322,D_31611,0000
14:30:55:075,AM322,D_31614,00E8
14:30:56:027,AM322,IO_0510,1CB2
14:30:57:001,AM322,IO_0511,0400
14:30:57:009,AM322,D_31602,0236
14:30:56:052,AM322,D_31620,075B
14:30:57:941,AM322,IO_0510,18B2
14:30:58:881,AM322,IO_0511,0000
14:30:58:896,AM322,D_31605,00D3
14:31:00:814,AM322,IO_0503,0002
14:30:59:892,AM322,IO_0510,18B6
14:31:00:817,AM322,IO_0511,1100
14:31:01:777,AM322,IO_0503,0000
14:31:01:780,AM322,IO_0510,08B6
14:31:02:732,AM322,IO_0511,0020
14:31:01:791,AM322,D_31608,021F
14:31:02:741,AM322,D_31611,00B6
14:31:02:729,AM322,IO_0510,08A6
14:31:03:698,AM322,IO_0510,08A2
14:31:04:662,AM322,D_31617,0000
14:31:04:665,AM322,D_31620,0000
14:31:05:592,AM322,IO_0510,1482
14:31:05:595,AM322,IO_0511,0000
14:31:07:493,AM322,D_31617,0D35
14:31:08:432,AM322,IO_0510,1CD2
14:31:09:348,AM322,IO_0511,0040
14:31:09:357,AM322,D_31602,0000
14:31:09:367,AM322,D_31611,0000
14:31:08:441,AM322,D_31614,0000
14:31:09:345,AM322,IO_0510,1CF2
14:31:09:360,AM322,D_31605,0000
14:31:09:364,AM322,D_31608,0000
14:31:09:370,AM322,D_31614,00E9
14:31:10:311,AM322,IO_0510,1CB2
14:31:11:259,AM322,IO_0511,0400
14:31:11:266,AM322,D_31602,0231
14:31:11:269,AM322,D_31620,0769
14:31:13:126,AM322,IO_0503,0002
14:31:12:187,AM322,IO_0510,18B2
14:31:13:129,AM322,IO_0511,0000
14:31:13:137,AM322,D_31605,00C5
14:31:14:081,AM322,IO_0503,0000
14:31:14:084,AM322,IO_0510,1932
14:31:15:021,AM322,IO_0511,1100
14:31:15:019,AM322,IO_0510,18B6
14:31:16:022,AM322,IO_0511,1000
14:31:16:035,AM322,D_31608,021E
14:31:16:982,AM322,D_31611,00B4
14:31:16:970,AM322,IO_0510,08BE
14:31:17:916,AM322,IO_0511,0020
14:31:17:913,AM322,IO_0510,08A6
14:31:19:866,AM322,IO_0510,1082
14:31:19:869,AM322,IO_0511,0000
14:31:19:877,AM322,D_31617,0000
14:31:19:879,AM322,D_31620,0000
14:31:20:812,AM322,IO_0510,1482
14:31:22:657,AM322,IO_0510,1C92
14:31:23:655,AM322,D_31602,0000
14:31:23:694,AM322,D_31611,0000
14:31:22:665,AM322,D_31614,0000
14:31:22:668,AM322,D_31617,0D31
14:31:23:635,AM322,IO_0510,1CF2
14:31:24:693,AM322,IO_0511,0040
14:31:23:664,AM322,D_31605,0000
14:31:23:684,AM322,D_31608,0000
14:31:23:697,AM322,D_31614,00E9
14:31:24:690,AM322,IO_0510,1CB2
14:31:25:622,AM322,IO_0511,0400
14:31:25:630,AM322,D_31602,023A
14:31:26:570,AM322,IO_0510,18B2
14:31:27:527,AM322,IO_0511,0000
14:31:26:577,AM322,D_31620,075C
14:31:27:538,AM322,D_31605,00C5
14:31:30:350,AM322,IO_0505,0000
14:31:29:406,AM322,IO_0510,18B6
14:31:30:357,AM322,IO_0511,1000
14:31:30:374,AM322,D_31608,0220
14:31:30:354,AM322,IO_0510,08B6
14:31:31:359,AM322,IO_0511,0000
14:31:32:310,AM322,IO_0510,08A2
14:31:32:313,AM322,IO_0511,0020
14:31:32:321,AM322,D_31611,00B2
14:31:33:237,AM322,IO_0510,0882
14:31:34:202,AM322,IO_0511,0000
14:31:34:215,AM322,D_31617,0000
14:31:34:198,AM322,IO_0510,1082
14:31:34:218,AM322,D_31620,0000
14:31:36:081,AM322,IO_0510,1492
14:31:37:035,AM322,D_31617,0D2F
14:31:37:020,AM322,IO_0510,1C92
14:31:38:008,AM322,D_31602,0000
14:31:38:014,AM322,D_31608,0000
14:31:38:018,AM322,D_31611,0000
14:31:38:021,AM322,D_31614,00E9
14:31:37:998,AM322,IO_0510,1CF2
14:31:38:975,AM322,IO_0511,0040
14:31:38:011,AM322,D_31605,0000
14:31:38:970,AM322,IO_0510,1CB2
14:31:39:928,AM322,IO_0511,0400
14:31:40:871,AM322,D_31602,022B
14:31:39:937,AM322,D_31620,075F
14:31:41:830,AM322,D_31605,00C7
14:31:41:822,AM322,IO_0510,18B2
14:31:43:718,AM322,IO_0511,1100
14:31:44:658,AM322,IO_0505,0000
14:31:44:670,AM322,D_31608,021B
14:31:44:661,AM322,IO_0510,08B2
14:31:45:631,AM322,IO_0511,0000
14:31:46:574,AM322,IO_0510,08A2
14:31:46:577,AM322,IO_0511,0020
14:31:46:589,AM322,D_31611,00B2
14:31:46:596,AM322,D_31651,0004
14:31:47:509,AM322,IO_0510,08A6
14:31:48:558,AM322,D_31617,0000
14:31:48:561,AM322,D_31620,0000
14:31:49:469,AM322,IO_0510,1486
14:31:49:471,AM322,IO_0511,0000
14:31:50:398,AM322,IO_0510,1492
14:31:52:293,AM322,D_31611,0000
14:31:51:338,AM322,D_31617,0D32
14:31:52:272,AM322,IO_0510,1CD2
14:31:53:226,AM322,IO_0511,0040
14:31:52:284,AM322,D_31602,0000
14:31:52:287,AM322,D_31605,0000
14:31:52:290,AM322,D_31608,0000
14:31:53:235,AM322,D_31614,00E9
14:31:53:223,AM322,IO_0510,1CB2
14:31:54:153,AM322,IO_0511,0400
14:31:55:100,AM322,D_31602,022F
14:31:55:104,AM322,D_31620,0762
14:31:56:096,AM322,IO_0510,18B2
14:31:57:051,AM322,IO_0511,0000
14:31:56:109,AM322,D_31605,00C4
14:31:58:936,AM322,IO_0511,1000
14:31:58:946,AM322,D_31608,021B
14:31:58:933,AM322,IO_0510,08B2
14:31:59:904,AM322,IO_0511,0000
14:32:00:857,AM322,D_31611,00B1
14:32:00:838,AM322,IO_0510,08AA
14:32:00:841,AM322,IO_0511,0020
14:32:01:833,AM322,IO_0510,00A2
14:32:03:769,AM322,IO_0503,0001
14:32:03:772,AM322,IO_0510,0080
14:32:03:775,AM322,IO_0511,0000
14:32:04:689,AM322,IO_0503,0000
14:32:05:670,AM322,IO_0510,0000
14:32:15:028,AM322,IO_0510,0882
14:32:21:640,AM322,D_31617,0000
14:32:21:629,AM322,IO_0510,1C82
14:32:21:642,AM322,D_31620,0000
14:32:22:585,AM322,IO_0510,14C2
14:32:23:542,AM322,IO_0511,0040
14:32:23:550,AM322,D_31602,0000
14:32:23:553,AM322,D_31605,0000
14:32:23:556,AM322,D_31608,0000
14:32:23:559,AM322,D_31611,0000
14:32:23:563,AM322,D_31614,00E9
14:32:25:462,AM322,IO_0503,0002
14:32:24:514,AM322,IO_0510,1CA2
14:32:25:466,AM322,IO_0511,0400
14:32:25:474,AM322,D_31602,0235
14:32:24:523,AM322,D_31617,0D32
14:32:26:435,AM322,IO_0503,0000
14:32:27:372,AM322,IO_0510,18A2
14:32:28:310,AM322,IO_0511,0000
14:32:27:384,AM322,D_31605,00CA
14:32:29:286,AM322,IO_0503,0002
14:32:28:321,AM322,D_31620,0764
14:32:29:306,AM322,D_31654,0004
14:32:30:252,AM322,IO_0503,0000
14:32:30:255,AM322,IO_0510,18B6
14:32:31:201,AM322,IO_0511,0000
14:32:30:266,AM322,D_31608,022D
14:32:31:211,AM322,D_31611,00B7
14:32:30:273,AM322,D_31657,0004
14:32:32:195,AM322,IO_0511,1020
14:32:33:162,AM322,IO_0510,0892
14:32:32:206,AM322,D_31652,0004
14:32:34:104,AM322,IO_0511,0000
14:32:36:018,AM322,D_31617,0000
14:32:36:967,AM322,IO_0510,1492
14:32:36:021,AM322,D_31620,0000
14:32:38:815,AM322,IO_0503,0002
14:32:38:829,AM322,D_31617,0D2F
14:32:39:806,AM322,IO_0503,0000
14:32:38:818,AM322,IO_0510,1C92
14:32:39:818,AM322,D_31614,0000
14:32:39:809,AM322,IO_0510,1CC2
14:32:41:727,AM322,IO_0511,0440
14:32:40:779,AM322,D_31614,00E9
14:32:41:724,AM322,IO_0510,1C82
14:32:42:701,AM322,IO_0511,0400
14:32:41:739,AM322,D_31653,0004
14:32:43:669,AM322,IO_0510,1886
14:32:44:614,AM322,IO_0511,0000
14:32:43:677,AM322,D_31620,0765
14:32:45:540,AM322,D_31658,0004
14:32:46:450,AM322,IO_0510,1882
14:32:47:388,AM322,IO_0511,1000
14:32:47:385,AM322,IO_0510,0892
14:32:48:373,AM322,IO_0511,0000
14:32:48:384,AM322,D_31604,00A0
14:32:48:387,AM322,D_31606,0046
14:32:48:396,AM322,D_31610,008C
14:32:48:408,AM322,D_31655,0004
14:32:49:326,AM322,D_31602,0000
14:32:48:381,AM322,D_31603,01CC
14:32:49:330,AM322,D_31605,0000
14:32:48:390,AM322,D_31607,FFD8
14:32:49:333,AM322,D_31608,0000
14:32:48:393,AM322,D_31609,01B8
14:32:49:336,AM322,D_31611,0000
14:32:48:399,AM322,D_31612,0032
14:32:48:402,AM322,D_31613,FFC4
14:32:50:299,AM322,D_31617,0000
14:32:49:318,AM322,IO_0510,08B2
14:32:51:294,AM322,D_31602,0176
14:32:50:304,AM322,D_31620,0000
14:32:50:313,AM322,D_31660,0004
14:32:51:283,AM322,IO_0510,14B2
14:32:52:235,AM322,D_31605,FFFF
14:32:53:175,AM322,D_31617,0D37
14:32:55:981,AM322,IO_0510,14B6
14:32:56:904,AM322,IO_0511,0400
14:32:55:992,AM322,D_31608,0157
14:32:56:913,AM322,D_31611,FFE8
14:32:58:796,AM322,IO_0510,10A2
14:32:58:799,AM322,IO_0511,0000
14:32:59:758,AM322,IO_0510,1122
14:33:00:734,AM322,IO_0511,0120
14:33:00:737,AM322,IO_0512,1000
14:33:00:747,AM322,IO_0586,0001
14:33:01:678,AM322,IO_0510,1092
14:33:01:681,AM322,IO_0511,0000
14:33:00:751,AM322,D_31620,0792
14:33:03:563,AM322,IO_0510,0092
14:33:04:531,AM322,IO_0512,0000
14:33:12:070,AM322,IO_0510,0082
14:33:35:617,AM322,IO_0510,0092
14:33:37:458,AM322,IO_0510,0010
14:33:41:123,AM322,IO_0510,0000
14:33:48:399,AM322,IO_0502,8000
14:33:49:327,AM322,IO_0586,0000
14:33:50:302,AM322,IO_0502,9000
14:33:51:236,AM322,IO_0510,0082
14:33:52:182,AM322,D_31661,0004
14:33:53:126,AM322,IO_0510,0892
14:33:55:026,AM322,D_31602,0000
14:33:55:030,AM322,D_31605,0000
14:33:55:033,AM322,D_31608,0000
14:33:55:036,AM322,D_31611,0000
14:33:55:038,AM322,D_31614,00FE
14:33:54:079,AM322,D_31615,0107
14:33:54:082,AM322,D_31616,00F3
14:33:54:088,AM322,D_31656,0004
14:33:55:016,AM322,IO_0510,08D2
14:33:55:982,AM322,IO_0511,0040
14:33:55:979,AM322,IO_0510,08B2
14:33:56:924,AM322,IO_0511,0000
14:33:57:892,AM322,D_31602,0163
14:33:58:839,AM322,D_31605,FFFA
14:33:58:822,AM322,IO_0510,08A2
14:33:59:807,AM322,D_31662,0004
14:34:00:739,AM322,IO_0510,08A6
14:34:01:738,AM322,D_31617,0000
14:34:01:727,AM322,IO_0510,10A6
14:34:02:660,AM322,D_31608,0160
14:34:03:567,AM322,D_31611,FFDF
14:34:01:741,AM322,D_31620,0000
14:34:03:557,AM322,IO_0510,14A2
14:34:04:492,AM322,D_31617,0D38
14:34:06:406,AM322,IO_0511,0020
14:34:06:403,AM322,IO_0510,1482
14:34:07:378,AM322,D_31620,075B
14:34:07:368,AM322,IO_0510,1C92
14:34:08:334,AM322,IO_0511,0400
14:34:09:264,AM322,IO_0510,18D2
14:34:10:215,AM322,IO_0511,0040
14:34:10:224,AM322,D_31602,0000
14:34:10:230,AM322,D_31608,0000
14:34:10:234,AM322,D_31611,0000
14:34:10:237,AM322,D_31614,00FD
14:34:11:132,AM322,IO_0510,1932
14:34:12:063,AM322,IO_0511,1100
14:34:12:075,AM322,D_31602,0171
14:34:10:227,AM322,D_31605,0000
14:34:12:060,AM322,IO_0510,08B2
14:34:13:039,AM322,IO_0511,0000
14:34:13:979,AM322,D_31605,FFF7
14:34:15:825,AM322,D_31617,0000
14:34:15:814,AM322,IO_0510,08B6
14:34:16:788,AM322,D_31608,0155
14:34:15:828,AM322,D_31620,0000
14:34:17:710,AM322,IO_0510,14AE
14:34:18:692,AM322,D_31611,FFE2
14:34:18:695,AM322,D_31617,0D32
14:34:18:679,AM322,IO_0510,14A6
14:34:19:618,AM322,IO_0510,14A2
14:34:21:523,AM322,IO_0511,0020
14:34:21:520,AM322,IO_0510,1482
14:34:22:453,AM322,IO_0511,0400
14:34:23:372,AM322,IO_0510,1C92
14:34:23:380,AM322,D_31614,0000
14:34:22:464,AM322,D_31620,075F
14:34:24:322,AM322,IO_0510,18D2
14:34:25:273,AM322,IO_0511,0040
14:34:25:282,AM322,D_31602,0000
14:34:25:284,AM322,D_31605,0000
14:34:25:289,AM322,D_31608,0000
14:34:25:292,AM322,D_31611,0000
14:34:24:332,AM322,D_31614,00FE
14:34:26:198,AM322,IO_0510,1932
14:34:27:130,AM322,IO_0511,1100
14:34:27:140,AM322,D_31602,0173
14:34:27:127,AM322,IO_0510,08B2
14:34:28:081,AM322,IO_0511,0000
14:34:29:068,AM322,D_31605,FFFE
14:34:30:012,AM322,IO_0510,08B6
14:34:31:039,AM322,D_31617,0000
14:34:31:013,AM322,IO_0510,10B6
14:34:32:034,AM322,D_31608,0156
14:34:31:047,AM322,D_31620,0000
14:34:32:992,AM322,IO_0510,14A2
14:34:33:002,AM322,D_31611,FFE2
14:34:33:919,AM322,D_31617,0D35
14:34:36:724,AM322,IO_0511,0020
14:34:36:720,AM322,IO_0510,1C92
14:34:37:678,AM322,IO_0511,0400
14:34:36:743,AM322,D_31620,075B
14:34:38:582,AM322,IO_0510,18D2
14:34:39:525,AM322,IO_0511,0040
14:34:39:534,AM322,D_31602,0000
14:34:39:540,AM322,D_31608,0000
14:34:39:543,AM322,D_31611,0000
14:34:38:591,AM322,D_31614,0000
14:34:40:474,AM322,IO_0503,0001
14:34:40:476,AM322,IO_0505,0008
14:34:39:520,AM322,IO_0510,18F2
14:34:40:482,AM322,IO_0511,1040
14:34:39:537,AM322,D_31605,0000
14:34:39:546,AM322,D_31614,00FE
14:34:41:438,AM322,IO_0503,0000
14:34:41:443,AM322,IO_0505,0000
14:34:41:449,AM322,IO_0510,08B2
14:34:42:410,AM322,IO_0511,0000
14:34:41:473,AM322,D_31602,0172
14:34:43:353,AM322,D_31605,FFFE
14:34:45:255,AM322,D_31617,0000
14:34:45:245,AM322,IO_0510,08B6
14:34:46:186,AM322,D_31608,015A
14:34:45:258,AM322,D_31620,0000
14:34:46:173,AM322,IO_0510,10B6
14:34:48:082,AM322,IO_0510,14A2
14:34:48:091,AM322,D_31611,FFE7
14:34:48:095,AM322,D_31617,0D31
14:34:49:009,AM322,IO_0510,14AA
14:34:49:972,AM322,IO_0510,14A2
14:34:50:923,AM322,IO_0511,0020
14:34:51:849,AM322,IO_0510,1C92
14:34:51:852,AM322,IO_0511,0400
14:34:51:861,AM322,D_31620,075D
14:34:53:721,AM322,D_31602,0000
14:34:53:726,AM322,D_31605,0000
14:34:53:729,AM322,D_31608,0000
14:34:53:732,AM322,D_31611,0000
14:34:52:795,AM322,D_31614,0000
14:34:54:689,AM322,IO_0510,18B2
14:34:55:661,AM322,IO_0511,1000
14:34:54:709,AM322,D_31614,00FE
14:34:56:601,AM322,IO_0511,1100
14:34:56:613,AM322,D_31602,0175
14:34:56:597,AM322,IO_0510,08B2
14:34:57:533,AM322,IO_0511,0000
14:34:57:542,AM322,D_31605,FFFD
14:34:59:472,AM322,IO_0510,08B6
14:35:00:403,AM322,D_31608,014F
14:35:00:406,AM322,D_31617,0000
14:35:00:393,AM322,IO_0510,10B6
14:35:02:342,AM322,D_31611,FFE0
14:35:00:410,AM322,D_31620,0000
14:35:02:332,AM322,IO_0510,14A6
14:35:03:270,AM322,D_31617,0D33
14:35:04:186,AM322,IO_0510,14AA
14:35:05:116,AM322,IO_0510,1482
14:35:06:104,AM322,IO_0511,0000
14:35:06:099,AM322,IO_0510,1C82
14:35:07:050,AM322,IO_0511,0400
14:35:06:115,AM322,D_31620,0757
14:35:07:983,AM322,IO_0510,18D2
14:35:08:916,AM322,IO_0511,0040
14:35:08:925,AM322,D_31602,0000
14:35:08:934,AM322,D_31611,0000
14:35:07:992,AM322,D_31614,0000
14:35:09:868,AM322,IO_0505,0008
14:35:08:912,AM322,IO_0510,18F2
14:35:09:873,AM322,IO_0511,1040
14:35:08:928,AM322,D_31605,0000
14:35:08:931,AM322,D_31608,0000
14:35:08:938,AM322,D_31614,00FE
14:35:10:857,AM322,IO_0505,0000
14:35:10:859,AM322,IO_0510,0932
14:35:11:786,AM322,IO_0511,0100
14:35:10:869,AM322,D_31602,016C
14:35:11:783,AM322,IO_0510,08B2
14:35:12:711,AM322,IO_0511,0000
14:35:12:720,AM322,D_31605,FFFD
14:35:14:551,AM322,D_31617,0000
14:35:14:542,AM322,IO_0510,18B6
14:35:15:560,AM322,D_31608,0159
14:35:14:553,AM322,D_31620,0000
14:35:16:480,AM322,IO_0510,14BE
14:35:17:411,AM322,D_31611,FFE2
14:35:17:414,AM322,D_31617,0D33
14:35:17:399,AM322,IO_0510,14A2
14:35:20:203,AM322,IO_0510,1482
14:35:21:136,AM322,IO_0511,0400
14:35:20:219,AM322,D_31620,0758
14:35:22:071,AM322,IO_0503,0002
14:35:21:132,AM322,IO_0510,1C92
14:35:22:993,AM322,IO_0503,0000
14:35:22:996,AM322,IO_0510,18D2
14:35:23:971,AM322,IO_0511,0040
14:35:23:004,AM322,D_31602,0000
14:35:23:007,AM322,D_31605,0000
14:35:23:011,AM322,D_31608,0000
14:35:23:014,AM322,D_31611,0000
14:35:23:016,AM322,D_31614,0000
14:35:24:907,AM322,IO_0503,0002
14:35:23:969,AM322,IO_0510,18B2
14:35:24:911,AM322,IO_0511,1100
14:35:23:981,AM322,D_31614,00FD
14:35:25:898,AM322,IO_0503,0000
14:35:26:908,AM322,IO_0511,0000
14:35:25:918,AM322,D_31602,0166
14:35:25:902,AM322,IO_0510,08B2
14:35:26:917,AM322,D_31605,0007
14:35:29:705,AM322,IO_0510,10B6
14:35:29:715,AM322,D_31608,0159
14:35:29:719,AM322,D_31617,0000
14:35:29:722,AM322,D_31620,0000
14:35:31:628,AM322,D_31611,FFEB
14:35:32:537,AM322,IO_0510,14A2
14:35:32:547,AM322,D_31617,0D2F
14:35:34:493,AM322,IO_0511,0020
14:35:34:490,AM322,IO_0510,1482
14:35:35:448,AM322,IO_0511,0000
14:35:35:458,AM322,D_31620,075E
14:35:36:411,AM322,IO_0510,1C92
14:35:36:415,AM322,IO_0511,0400
14:35:37:305,AM322,IO_0510,18D2
14:35:38:246,AM322,IO_0511,0040
14:35:38:256,AM322,D_31602,0000
14:35:38:260,AM322,D_31605,0000
14:35:38:263,AM322,D_31608,0000
14:35:38:266,AM322,D_31611,0000
14:35:38:269,AM322,D_31614,00FD
14:35:39:245,AM322,IO_0505,0008
14:35:39:248,AM322,IO_0510,1932
14:35:40:186,AM322,IO_0511,1100
14:35:40:198,AM322,D_31602,016E
14:35:40:180,AM322,IO_0505,0000
14:35:40:183,AM322,IO_0510,08B2
14:35:41:117,AM322,IO_0511,0000
14:35:42:039,AM322,D_31605,0004
14:35:42:995,AM322,IO_0510,08B6
14:35:43:944,AM322,D_31617,0000
14:35:43:934,AM322,IO_0510,18B6
14:35:44:889,AM322,D_31608,015F
14:35:45:810,AM322,D_31611,FFEF
14:35:43:947,AM322,D_31620,0000
14:35:45:800,AM322,IO_0510,14B6
14:35:46:761,AM322,D_31617,0D2E
14:35:46:753,AM322,IO_0510,14A2
14:35:49:588,AM322,IO_0503,0002
14:35:49:594,AM322,IO_0511,0020
14:35:50:503,AM322,IO_0503,0000
14:35:49:591,AM322,IO_0510,1482
14:35:50:509,AM322,IO_0511,0400
14:35:49:603,AM322,D_31620,075C
14:35:51:415,AM322,IO_0510,1CD2
14:35:52:364,AM322,D_31602,0000
14:35:52:370,AM322,D_31608,0000
14:35:52:373,AM322,D_31611,0000
14:35:52:376,AM322,D_31614,00FE
14:35:52:355,AM322,IO_0510,18F2
14:35:53:288,AM322,IO_0511,0040
14:35:52:367,AM322,D_31605,0000
14:35:54:233,AM322,IO_0510,1932
14:35:55:206,AM322,IO_0511,1100
14:35:55:217,AM322,D_31602,017E
14:35:55:203,AM322,IO_0510,08B2
14:35:56:149,AM322,IO_0511,0000
14:35:56:160,AM322,D_31605,FFFD
14:35:57:992,AM322,IO_0510,08B6
14:35:58:932,AM322,D_31608,0158
14:35:58:936,AM322,D_31617,0000
14:35:58:921,AM322,IO_0510,10B6
14:36:00:816,AM322,D_31611,FFE1
14:35:58:939,AM322,D_31620,0000
14:36:00:805,AM322,IO_0510,14A2
14:36:01:741,AM322,D_31617,0D34
14:36:03:602,AM322,IO_0510,1480
14:36:04:538,AM322,IO_0511,0000
14:36:04:534,AM322,IO_0510,1C92
14:36:05:528,AM322,IO_0511,0400
14:36:04:551,AM322,D_31620,074F
14:36:06:439,AM322,IO_0510,18D2
14:36:07:348,AM322,IO_0511,0040
14:36:07:357,AM322,D_31602,0000
14:36:07:367,AM322,D_31611,0000
14:36:06:447,AM322,D_31614,0000
14:36:07:345,AM322,IO_0510,18F2
14:36:07:361,AM322,D_31605,0000
14:36:07:364,AM322,D_31608,0000
14:36:07:370,AM322,D_31614,00FE
14:36:08:327,AM322,IO_0510,18B2
14:36:10:187,AM322,IO_0511,0000
14:36:09:273,AM322,D_31602,016F
14:36:09:262,AM322,IO_0510,08B2
14:36:11:172,AM322,D_31605,FFFD
14:36:13:079,AM322,IO_0510,18B6
14:36:14:043,AM322,D_31608,0154
14:36:13:092,AM322,D_31617,0000
14:36:13:095,AM322,D_31620,0000
14:36:14:032,AM322,IO_0510,10B6
14:36:14:979,AM322,D_31611,FFE6
14:36:15:923,AM322,IO_0510,14A2
14:36:15:931,AM322,D_31617,0D31
14:36:17:804,AM322,IO_0503,0002
14:36:18:776,AM322,IO_0503,0000
14:36:18:782,AM322,IO_0511,0020
14:36:18:790,AM322,D_31620,0757
14:36:19:707,AM322,IO_0510,1C92
14:36:19:710,AM322,IO_0511,0400
14:36:20:636,AM322,D_31614,0000
14:36:20:628,AM322,IO_0510,1CD2
14:36:22:436,AM322,IO_0511,0040
14:36:21:561,AM322,D_31602,0000
14:36:21:566,AM322,D_31605,0000
14:36:21:568,AM322,D_31608,0000
14:36:21:571,AM322,D_31611,0000
14:36:21:573,AM322,D_31614,00FE
14:36:22:433,AM322,IO_0510,18B2
14:36:23:340,AM322,IO_0511,1000
14:36:24:211,AM322,IO_0510,08B2
14:36:24:214,AM322,IO_0511,1100
14:36:24:225,AM322,D_31602,0174
14:36:25:086,AM322,IO_0511,0000
14:36:25:098,AM322,D_31605,FFFA
14:36:26:837,AM322,IO_0510,08B6
14:36:27:715,AM322,D_31617,0000
14:36:27:704,AM322,IO_0510,10B6
14:36:28:606,AM322,D_31608,0160
14:36:27:718,AM322,D_31620,0000
14:36:29:493,AM322,IO_0510,14A6
14:36:29:501,AM322,D_31611,FFE3
14:36:30:370,AM322,D_31617,0D34
14:36:30:358,AM322,IO_0510,14A2
14:36:32:127,AM322,IO_0510,14A2
14:36:32:999,AM322,IO_0511,0020
14:36:32:996,AM322,IO_0510,1482
14:36:33:877,AM322,IO_0511,0400
14:36:33:874,AM322,IO_0510,1C92
14:36:35:652,AM322,D_31602,0000
14:36:35:669,AM322,D_31611,0000
14:36:33:886,AM322,D_31620,0760
14:36:35:642,AM322,IO_0510,18D2
14:36:36:592,AM322,IO_0511,0040
14:36:35:658,AM322,D_31605,0000
14:36:35:663,AM322,D_31608,0000
14:36:36:600,AM322,D_31614,00FE
14:36:38:344,AM322,IO_0505,0000
14:36:36:589,AM322,IO_0510,18B2
14:36:38:352,AM322,IO_0511,1100
14:36:38:361,AM322,D_31602,0173
14:36:38:348,AM322,IO_0510,08B2
14:36:39:270,AM322,IO_0511,0000
14:36:40:196,AM322,D_31605,FFFD
14:36:41:998,AM322,D_31617,0000
14:36:42:912,AM322,IO_0503,0002
14:36:42:915,AM322,IO_0510,10B6
14:36:42:926,AM322,D_31608,0153
14:36:42:002,AM322,D_31620,0000
14:36:43:770,AM322,IO_0503,0000
14:36:43:774,AM322,IO_0510,14B6
14:36:44:672,AM322,D_31611,FFE2
14:36:44:675,AM322,D_31617,0D2F
14:36:44:662,AM322,IO_0510,14A2
14:36:47:284,AM322,IO_0503,0000
14:36:47:290,AM322,IO_0511,0020
14:36:48:150,AM322,IO_0510,1C92
14:36:49:029,AM322,IO_0511,0400
14:36:48:160,AM322,D_31620,075C
14:36:49:905,AM322,D_31614,0000
14:36:50:781,AM322,IO_0510,18F2
14:36:51:659,AM322,IO_0511,0040
14:36:50:792,AM322,D_31602,0000
14:36:50:795,AM322,D_31605,0000
14:36:50:797,AM322,D_31608,0000
14:36:50:800,AM322,D_31611,0000
14:36:50:803,AM322,D_31614,00FE
14:36:51:656,AM322,IO_0510,18B2
14:36:52:540,AM322,IO_0511,1100
14:36:52:549,AM322,D_31602,0168
14:36:53:442,AM322,IO_0510,08B2
14:36:54:328,AM322,IO_0511,0000
14:36:54:340,AM322,D_31605,FFFB
14:36:56:061,AM322,IO_0510,08B6
14:36:56:956,AM322,D_31617,0000
14:36:57:806,AM322,IO_0510,10A6
14:36:57:814,AM322,D_31608,0158
14:36:58:682,AM322,D_31611,FFE1
14:36:56:959,AM322,D_31620,0000
14:36:58:673,AM322,IO_0510,14A2
14:36:59:562,AM322,D_31617,0D31
14:37:00:448,AM322,IO_0510,14AA
14:37:02:223,AM322,IO_0510,1482
14:37:03:097,AM322,IO_0511,0400
14:37:02:233,AM322,D_31620,075E
14:37:03:092,AM322,IO_0510,1C92
14:37:04:830,AM322,IO_0510,18D2
14:37:05:777,AM322,IO_0511,0040
14:37:05:786,AM322,D_31602,0000
14:37:05:793,AM322,D_31608,0000
14:37:05:796,AM322,D_31611,0000
14:37:04:854,AM322,D_31614,0000
14:37:06:691,AM322,IO_0505,0008
14:37:05:773,AM322,IO_0510,18B2
14:37:06:697,AM322,IO_0511,1040
14:37:05:789,AM322,D_31605,0000
14:37:05:800,AM322,D_31614,00FE
14:37:07:637,AM322,IO_0505,0000
14:37:07:640,AM322,IO_0510,08B2
14:37:08:530,AM322,IO_0511,0000
14:37:07:654,AM322,D_31602,0175
14:37:09:448,AM322,IO_0503,0002
14:37:09:460,AM322,D_31605,FFFA
14:37:10:330,AM322,IO_0503,0000
14:37:11:200,AM322,D_31617,0000
14:37:11:188,AM322,IO_0510,18B6
14:37:12:082,AM322,D_31608,0157
14:37:11:203,AM322,D_31620,0000
14:37:13:848,AM322,IO_0503,0000
14:37:12:942,AM322,IO_0510,14B6
14:37:13:859,AM322,D_31611,FFE4
14:37:13:862,AM322,D_31617,0D30
14:37:14:730,AM322,IO_0510,14A2
14:37:16:474,AM322,IO_0511,0020
14:37:17:353,AM322,IO_0510,1C82
14:37:17:363,AM322,D_31620,075A
14:37:18:223,AM322,IO_0510,1C92
14:37:18:226,AM322,IO_0511,0400
14:37:19:153,AM322,D_31614,0000
14:37:19:143,AM322,IO_0510,18D2
14:37:20:930,AM322,IO_0511,0040
14:37:20:056,AM322,D_31602,0000
14:37:20:059,AM322,D_31605,0000
14:37:20:062,AM322,D_31608,0000
14:37:20:065,AM322,D_31611,0000
14:37:20:068,AM322,D_31614,00FE
14:37:20:927,AM322,IO_0510,18B2
14:37:21:805,AM322,IO_0511,1100
14:37:21:801,AM322,IO_0510,08B2
14:37:23:542,AM322,IO_0511,0000
14:37:22:701,AM322,D_31602,0166
14:37:23:552,AM322,D_31605,FFF9
14:37:25:284,AM322,IO_0510,08B6
14:37:26:181,AM322,D_31617,0000
14:37:27:056,AM322,IO_0510,10B6
14:37:27:065,AM322,D_31608,0158
14:37:27:941,AM322,D_31611,FFE2
14:37:26:183,AM322,D_31620,0000
14:37:27:931,AM322,IO_0510,14A6
14:37:28:852,AM322,D_31617,0D30
14:37:28:843,AM322,IO_0510,14A2
14:37:31:484,AM322,IO_0510,1482
14:37:32:347,AM322,IO_0511,0400
14:37:32:344,AM322,IO_0510,1C92
14:37:32:357,AM322,D_31620,075C
14:37:34:091,AM322,IO_0510,18D2
14:37:34:981,AM322,IO_0511,0040
14:37:34:099,AM322,D_31602,0000
14:37:34:102,AM322,D_31605,0000
14:37:34:105,AM322,D_31608,0000
14:37:34:108,AM322,D_31611,0000
14:37:34:110,AM322,D_31614,0000
14:37:35:860,AM322,IO_0505,0008
14:37:34:976,AM322,IO_0510,18F2
14:37:35:866,AM322,IO_0511,1040
14:37:34:990,AM322,D_31614,00FD
14:37:36:734,AM322,IO_0505,0000
14:37:36:737,AM322,IO_0510,08B2
14:37:37:626,AM322,IO_0511,0000
14:37:36:748,AM322,D_31602,0174
14:37:40:337,AM322,D_31617,0000
14:37:41:221,AM322,IO_0510,10B6
14:37:41:229,AM322,D_31608,015E
14:37:40:340,AM322,D_31620,0000
14:37:42:098,AM322,IO_0510,14BE
14:37:42:988,AM322,D_31611,FFE8
14:37:42:991,AM322,D_31617,0D2E
14:37:42:979,AM322,IO_0510,14A2
14:37:44:709,AM322,IO_0510,14AA
14:37:45:587,AM322,IO_0511,0020
14:37:46:476,AM322,IO_0510,1C82
14:37:47:366,AM322,IO_0511,0400
14:37:46:489,AM322,D_31620,075F
14:37:47:363,AM322,IO_0510,1C92
14:37:49:141,AM322,D_31611,0000
14:37:48:254,AM322,D_31614,0000
14:37:49:121,AM322,IO_0510,18F2
14:37:50:026,AM322,IO_0511,0040
14:37:49:134,AM322,D_31602,0000
14:37:49:137,AM322,D_31608,0000
14:37:49:144,AM322,D_31614,00FE
14:37:50:889,AM322,IO_0510,1932
14:37:51:750,AM322,IO_0511,1100
14:37:51:760,AM322,D_31602,0177
14:37:51:747,AM322,IO_0510,08B2
14:37:52:637,AM322,IO_0511,0000
14:37:52:647,AM322,D_31605,FFFE
14:37:54:469,AM322,IO_0510,08B6
14:37:55:365,AM322,D_31617,0000
14:37:55:355,AM322,IO_0510,10B6
14:37:56:259,AM322,D_31608,0152
14:37:55:368,AM322,D_31620,0000
14:37:57:216,AM322,IO_0510,14B2
14:37:57:227,AM322,D_31611,FFE4
14:37:58:097,AM322,D_31617,0D39
14:37:59:090,AM322,IO_0503,0002
14:37:58:090,AM322,IO_0510,14A2
14:38:00:035,AM322,IO_0503,0000
14:38:00:037,AM322,IO_0510,14A2
14:38:00:967,AM322,IO_0511,0020
14:38:00:964,AM322,IO_0510,1C82
14:38:01:898,AM322,IO_0511,0400
14:38:00:978,AM322,D_31620,075F
14:38:02:882,AM322,IO_0510,18D2
14:38:03:824,AM322,IO_0511,0440
14:38:03:836,AM322,D_31602,0000
14:38:03:841,AM322,D_31608,0000
14:38:03:844,AM322,D_31611,0000
14:38:02:893,AM322,D_31614,0000
14:38:03:821,AM322,IO_0510,18F2
14:38:04:780,AM322,IO_0511,0040
14:38:03:839,AM322,D_31605,0000
14:38:03:847,AM322,D_31614,00FE
14:38:05:696,AM322,IO_0510,08B2
14:38:05:699,AM322,IO_0511,1100
14:38:05:707,AM322,D_31602,0173
14:38:07:569,AM322,IO_0511,0000
14:38:07:578,AM322,D_31605,FFFC
14:38:09:460,AM322,D_31617,0000
14:38:09:450,AM322,IO_0510,08B6
14:38:10:485,AM322,D_31608,0151
14:38:09:468,AM322,D_31620,0000
14:38:11:449,AM322,IO_0510,14BE
14:38:12:381,AM322,D_31611,FFDC
14:38:12:384,AM322,D_31617,0D33
14:38:12:370,AM322,IO_0510,14A6
14:38:13:306,AM322,IO_0510,14A2
14:38:15:189,AM322,IO_0511,0020
14:38:15:186,AM322,IO_0510,1482
14:38:16:183,AM322,IO_0511,0400
14:38:16:181,AM322,IO_0510,1C92
14:38:18:070,AM322,D_31611,0000
14:38:17:125,AM322,D_31614,0000
14:38:16:191,AM322,D_31620,075D
14:38:18:048,AM322,IO_0510,18F2
14:38:19:015,AM322,IO_0511,0040
14:38:18:060,AM322,D_31602,0000
14:38:18:064,AM322,D_31605,0000
14:38:18:068,AM322,D_31608,0000
14:38:18:073,AM322,D_31614,00FE
14:38:19:012,AM322,IO_0510,18B2
14:38:19:994,AM322,IO_0511,1100
14:38:20:946,AM322,IO_0510,08B2
14:38:21:887,AM322,IO_0511,0000
14:38:20:957,AM322,D_31602,0173
14:38:22:859,AM322,IO_0503,0000
14:38:21:896,AM322,D_31605,FFFA
14:38:24:746,AM322,IO_0510,10B6
14:38:24:754,AM322,D_31608,014D
14:38:24:757,AM322,D_31617,0000
14:38:24:760,AM322,D_31620,0000
14:38:25:678,AM322,IO_0510,14B6
14:38:26:643,AM322,D_31611,FFE0
14:38:26:633,AM322,IO_0510,14A2
14:38:27:612,AM322,D_31617,0D33
14:38:29:476,AM322,IO_0511,0020
14:38:29:473,AM322,IO_0510,1482
14:38:30:416,AM322,IO_0511,0000
14:38:30:414,AM322,IO_0510,1C92
14:38:31:415,AM322,IO_0511,0400
14:38:30:427,AM322,D_31620,075F
14:38:32:355,AM322,IO_0510,18D2
14:38:33:342,AM322,IO_0511,0040
14:38:33:353,AM322,D_31602,0000
14:38:33:359,AM322,D_31608,0000
14:38:33:362,AM322,D_31611,0000
14:38:33:365,AM322,D_31614,00FE
14:38:34:321,AM322,IO_0505,0008
14:38:33:339,AM322,IO_0510,18F2
14:38:34:326,AM322,IO_0511,1040
14:38:33:356,AM322,D_31605,0000
14:38:35:302,AM322,IO_0505,0000
14:38:35:304,AM322,IO_0510,08B2
14:38:36:255,AM322,IO_0511,0000
14:38:35:317,AM322,D_31602,016B
14:38:36:264,AM322,D_31605,FFFC
14:38:39:125,AM322,D_31617,0000
14:38:39:114,AM322,IO_0510,18B6
14:38:40:095,AM322,D_31608,0156
14:38:39:128,AM322,D_31620,0000
14:38:41:094,AM322,IO_0510,14AE
14:38:41:108,AM322,D_31611,FFE3
14:38:42:102,AM322,D_31617,0D30
14:38:42:093,AM322,IO_0510,14A2
14:38:43:048,AM322,IO_0510,14AA
14:38:43:976,AM322,IO_0511,0020
14:38:44:950,AM322,IO_0510,1C82
14:38:45:936,AM322,IO_0511,0400
14:38:44:963,AM322,D_31620,075B
14:38:45:933,AM322,IO_0510,1C92
14:38:47:891,AM322,D_31611,0000
14:38:46:926,AM322,D_31614,0000
14:38:48:818,AM322,IO_0505,0008
14:38:47:871,AM322,IO_0510,18F2
14:38:48:824,AM322,IO_0511,1040
14:38:47:882,AM322,D_31602,0000
14:38:47:885,AM322,D_31605,0000
14:38:47:888,AM322,D_31608,0000
14:38:47:896,AM322,D_31614,00FD
14:38:49:807,AM322,IO_0505,0000
14:38:48:821,AM322,IO_0510,1932
14:38:49:813,AM322,IO_0511,1100
14:38:49:811,AM322,IO_0510,08B2
14:38:50:753,AM322,IO_0511,0000
14:38:50:762,AM322,D_31602,0178
14:38:51:690,AM322,D_31605,FFF9
14:38:53:602,AM322,IO_0510,18B6
14:38:54:542,AM322,D_31608,0155
14:38:53:609,AM322,D_31617,0000
14:38:53:612,AM322,D_31620,0000
14:38:54:532,AM322,IO_0510,10B6
14:38:56:401,AM322,IO_0510,14A2
14:38:56:419,AM322,D_31611,FFDF
14:38:56:422,AM322,D_31617,0D34
14:38:59:206,AM322,IO_0510,1482
14:39:00:132,AM322,IO_0511,0400
14:38:59:218,AM322,D_31620,075A
14:39:00:129,AM322,IO_0510,1C92
14:39:02:062,AM322,IO_0510,18D2
14:39:03:026,AM322,D_31611,0000
14:39:02:072,AM322,D_31614,0000
14:39:03:001,AM322,IO_0510,18F2
14:39:03:940,AM322,IO_0511,1040
14:39:03:016,AM322,D_31602,0000
14:39:03:019,AM322,D_31605,0000
14:39:03:022,AM322,D_31608,0000
14:39:03:029,AM322,D_31614,00FD
14:39:03:937,AM322,IO_0510,1932
14:39:04:912,AM322,IO_0511,1100
14:39:04:922,AM322,D_31602,0179
14:39:04:909,AM322,IO_0510,08B2
14:39:05:892,AM322,IO_0511,0000
14:39:05:902,AM322,D_31605,FFF1
14:39:08:748,AM322,IO_0510,18B6
14:39:08:756,AM322,D_31617,0000
14:39:08:758,AM322,D_31620,0000
14:39:09:713,AM322,IO_0510,10B6
14:39:09:721,AM322,D_31608,0153
14:39:10:668,AM322,D_31611,FFE2
14:39:10:658,AM322,IO_0510,14A2
14:39:11:609,AM322,D_31617,0D30
14:39:13:579,AM322,IO_0511,0020
14:39:13:575,AM322,IO_0510,1482
14:39:14:532,AM322,D_31620,075A
14:39:14:522,AM322,IO_0510,1C92
14:39:15:478,AM322,IO_0511,0400
14:39:16:434,AM322,IO_0510,18D2
14:39:17:377,AM322,IO_0511,0440
14:39:17:391,AM322,D_31602,0000
14:39:17:397,AM322,D_31605,0000
14:39:17:402,AM322,D_31608,0000
14:39:17:408,AM322,D_31611,0000
14:39:17:414,AM322,D_31614,00FE
14:39:18:400,AM322,IO_0510,18B2
14:39:19:340,AM322,IO_0511,1000
14:39:19:349,AM322,D_31602,016B
14:39:19:337,AM322,IO_0510,0932
14:39:20:320,AM322,IO_0511,0100
14:39:20:317,AM322,IO_0510,08B2
14:39:21:226,AM322,IO_0511,0000
14:39:21:236,AM322,D_31605,FFFB
14:39:22:164,AM322,IO_0510,08B6
14:39:24:092,AM322,D_31608,0152
14:39:25:041,AM322,D_31611,FFE4
14:39:25:031,AM322,IO_0510,08AE
14:39:25:971,AM322,IO_0510,00A2
14:39:27:856,AM322,IO_0510,00A2
14:39:28:780,AM322,IO_0511,0020
14:39:28:777,AM322,IO_0510,0080
14:39:29:727,AM322,IO_0511,0000
14:39:29:722,AM322,IO_0510,0000
14:39:38:133,AM322,IO_0510,0082
14:39:39:085,AM322,IO_0510,0892
